lst,ndvi,ndbi,year,sat,zone,site,trat
289.52478828362,0.12292860691118274,-0.015930689101571104,2020,L8,sitio,cyrusone,dc
290.99305962557764,0.1198348731725367,-0.017756662252289022,2020,L8,sitio,cyrusone,dc
293.0958277450962,0.09784259766044918,-0.0018651915841259106,2020,L8,sitio,cyrusone,dc
319.39232928796605,0.09689506498647206,0.0033777214551607517,2020,L8,sitio,cyrusone,dc
317.4119938887394,0.10218746361440598,0.005158246447659796,2020,L8,sitio,cyrusone,dc
325.5688609278273,0.1013419944730559,0.0047536318357411554,2020,L8,sitio,cyrusone,dc
324.48707262516933,0.09606112821117048,0.0062812863736927465,2020,L8,sitio,cyrusone,dc
317.94910868533503,0.10068824622294219,0.0035462653964257827,2020,L8,sitio,cyrusone,dc
324.6517276020023,0.10345895507660474,0.002122365589066764,2020,L8,sitio,cyrusone,dc
322.19578780372126,0.10942936617282889,5.739807293192796E-4,2020,L8,sitio,cyrusone,dc
326.0510303475696,0.10776136429507507,0.0013338924710714572,2020,L8,sitio,cyrusone,dc
315.76736788180557,0.11288785030244192,0.0024678959661751936,2020,L8,sitio,cyrusone,dc
320.0296496911733,0.12654433180512456,0.01273853969998265,2020,L8,sitio,cyrusone,dc
315.2319911199352,0.10551862889061943,0.008012172313077421,2020,L8,sitio,cyrusone,dc
310.47420341558745,0.10832553465066004,0.003937042776169395,2020,L8,sitio,cyrusone,dc
288.2961910476743,0.12286057555608661,-0.0673975357312051,2020,L8,sitio,cyrusone,dc
293.6817194134557,0.11626759147287069,0.0013762463031013997,2020,L8,sitio,cyrusone,dc
290.0132308338845,0.10909897435421044,-0.0034717126086835828,2020,L8,sitio,cyrusone,dc
289.7802411335728,0.10959573858299962,-0.0033295085468656085,2021,L8,sitio,cyrusone,dc
286.74941152148887,0.11287605045548899,-0.03357548864631041,2021,L8,sitio,cyrusone,dc
297.74918826428075,0.09966058970872495,0.001155680830590381,2021,L8,sitio,cyrusone,dc
294.33523632514465,0.1012617309627567,-4.639711288420044E-4,2021,L8,sitio,cyrusone,dc
305.51441094423853,0.10186900047866596,-0.00519351632648111,2021,L8,sitio,cyrusone,dc
311.4551090144129,0.10074090423895356,0.0025450987871613946,2021,L8,sitio,cyrusone,dc
318.9096799106569,0.09763784482079216,0.005381106545982287,2021,L8,sitio,cyrusone,dc
318.5157142597496,0.09743461053138126,0.0071418136522019065,2021,L8,sitio,cyrusone,dc
323.4572908039444,0.09972126301743907,0.0048307072574464505,2021,L8,sitio,cyrusone,dc
329.59607910191085,0.12223096241411988,0.012282318683336289,2021,L8,sitio,cyrusone,dc
325.3479162137312,0.11268971940730513,0.0018859329451226905,2021,L8,sitio,cyrusone,dc
315.35743710749017,0.12332882665453769,-0.006653550145339785,2021,L8,sitio,cyrusone,dc
319.7018325048514,0.10975641975376929,-5.428991413078034E-4,2021,L8,sitio,cyrusone,dc
316.6303971819112,0.09997591850456275,0.0015114315385860663,2021,L8,sitio,cyrusone,dc
311.23534612443166,0.10129009228383769,-6.310526685812689E-4,2021,L8,sitio,cyrusone,dc
292.18484570105653,0.1317461178274002,-0.014582690253104285,2021,L8,sitio,cyrusone,dc
291.68790344431187,5.691659907618718,-0.022055304327998352,2021,L8,sitio,cyrusone,dc
290.2613595946077,0.11774965044397692,-0.012865532841972137,2022,L8,sitio,cyrusone,dc
291.8102628065346,0.10791153008715106,-0.006510373364576222,2022,L8,sitio,cyrusone,dc
299.4781639714864,0.11323113167315316,-0.0031811085932468572,2022,L8,sitio,cyrusone,dc
281.1890536981199,0.127629754376554,-0.045001618761221406,2022,L8,sitio,cyrusone,dc
307.74577161397025,0.10138001401943653,-0.0025088747622408814,2022,L8,sitio,cyrusone,dc
310.073505521886,0.09877915220521007,-0.0028037391134441013,2022,L8,sitio,cyrusone,dc
316.43743828104687,0.10390124043626627,-0.004044040187151985,2022,L8,sitio,cyrusone,dc
311.2213934686528,0.10845370249492112,-0.010973356776853072,2022,L8,sitio,cyrusone,dc
322.24659758307195,0.09984908012805621,-0.0010809504754455673,2022,L8,sitio,cyrusone,dc
323.7391870440685,0.10191004053262841,-0.0012301298121071293,2022,L8,sitio,cyrusone,dc
324.92678420282937,0.09752560791302987,8.9965318787272E-4,2022,L8,sitio,cyrusone,dc
324.1045408825871,0.1027285333808452,-4.194058782586368E-4,2022,L8,sitio,cyrusone,dc
308.53501347339784,0.1151973730857421,-0.028010437935414138,2022,L8,sitio,cyrusone,dc
318.7756894592533,0.10777109323526667,-0.003903882851612737,2022,L8,sitio,cyrusone,dc
318.06468066541436,0.11485758655689596,-0.005621445999374851,2022,L8,sitio,cyrusone,dc
317.36750424522126,0.10666208333875847,-0.0016230720837522917,2022,L8,sitio,cyrusone,dc
310.2911191793013,0.104468258535496,-0.0017035736901238004,2022,L8,sitio,cyrusone,dc
302.9439222560728,0.10447358588879702,-0.004252305168690378,2022,L8,sitio,cyrusone,dc
295.7349040014405,0.11155113880586935,-0.010253011907110797,2022,L8,sitio,cyrusone,dc
293.64215649050504,0.11055036957156114,-0.008196596183050135,2022,L8,sitio,cyrusone,dc
288.79337472606284,0.12343197452528125,-0.01626245846451127,2022,L8,sitio,cyrusone,dc
291.81368681783886,0.09969222760248121,-0.011948731666514788,2023,L8,sitio,cyrusone,dc
289.6628255276331,0.09553516594643116,-0.01051786585115082,2023,L8,sitio,cyrusone,dc
294.7706448872523,0.1002836049364246,-0.010897645018957595,2023,L8,sitio,cyrusone,dc
300.1802630850832,0.09183925111247629,-0.005331720218168304,2023,L8,sitio,cyrusone,dc
311.91459750137767,0.09780187654748407,-0.005708772476519683,2023,L8,sitio,cyrusone,dc
315.69902314888503,0.09635188290382728,-0.005550969121362868,2023,L8,sitio,cyrusone,dc
322.692935582831,0.09924007099829131,-0.005541356085282542,2023,L8,sitio,cyrusone,dc
321.13809517230345,0.09662594849052676,-0.0023111906387119465,2023,L8,sitio,cyrusone,dc
322.04846742682423,0.09285135858283802,-0.0033418635419150268,2023,L8,sitio,cyrusone,dc
325.20234507641305,0.09546550450319807,-0.004896620595059946,2023,L8,sitio,cyrusone,dc
329.85576312443044,0.1029284720423791,-0.007738169128438756,2023,L8,sitio,cyrusone,dc
319.3034536297042,0.09911105359338172,-0.013520714967524624,2023,L8,sitio,cyrusone,dc
321.2812273298593,0.11254501764407553,-0.010648303049617964,2023,L8,sitio,cyrusone,dc
321.72476892978284,0.10400103126096985,-0.010925536502110943,2023,L8,sitio,cyrusone,dc
317.21929457104295,0.08999537559414887,-0.006240164011121872,2023,L8,sitio,cyrusone,dc
308.96068067025476,0.095514014633945,-0.006817318573603788,2023,L8,sitio,cyrusone,dc
304.19914623372296,0.09411384049327136,-0.0060945924317379555,2023,L8,sitio,cyrusone,dc
303.50038436667586,0.1114865405848826,-0.012046891130152304,2023,L8,sitio,cyrusone,dc
292.56286577397117,0.11664020524289742,-0.020404084427347605,2023,L8,sitio,cyrusone,dc
283.74124904896536,0.11428856800822043,-0.04870762738993864,2023,L8,sitio,cyrusone,dc
297.5968249542289,0.09924606531553858,-0.012194468910119874,2024,L8,sitio,cyrusone,dc
302.49398876766037,0.10093125473710395,-0.013476968585619342,2024,L8,sitio,cyrusone,dc
306.1560854393814,0.09159900250830456,-0.00955908661103934,2024,L8,sitio,cyrusone,dc
303.14656853305235,0.09291434895188762,-0.011845206045059082,2024,L8,sitio,cyrusone,dc
318.0880815487638,0.09538855189079319,-0.007854822038844243,2024,L8,sitio,cyrusone,dc
317.41902210617377,0.09699360694071109,-0.004741312082849347,2024,L8,sitio,cyrusone,dc
325.13240013468777,0.09758009149514979,-0.004557202550286022,2024,L8,sitio,cyrusone,dc
306.75179792880624,0.1463155259600746,-0.047739049365698005,2024,L8,sitio,cyrusone,dc
326.3888592676816,0.10044888548511746,-0.00386675939374222,2024,L8,sitio,cyrusone,dc
318.7163715878642,0.11682502963860518,-0.0076602265936939265,2024,L8,sitio,cyrusone,dc
323.69068213752064,0.10417303402255698,-0.008259478111664878,2024,L8,sitio,cyrusone,dc
320.0985643156398,0.10026735077946661,-0.00806809213943064,2024,L8,sitio,cyrusone,dc
321.1183019837317,0.10021576996721751,-0.007989060515659492,2024,L8,sitio,cyrusone,dc
313.74126389553413,0.09671539534917895,-0.005597205640403305,2024,L8,sitio,cyrusone,dc
302.30825851742617,0.09675995349166645,-0.00777004034149295,2024,L8,sitio,cyrusone,dc
297.4180122019069,0.11031279115581094,-0.011230816801031909,2024,L8,sitio,cyrusone,dc
293.9280175214218,0.11117858802471675,-0.011250930835458833,2024,L8,sitio,cyrusone,dc
287.47633317774824,0.11015091799469968,-0.020825289844423178,2025,L8,sitio,cyrusone,dc
291.1407084828157,0.10469706562442971,-0.008857864667052693,2025,L8,sitio,cyrusone,dc
300.2749278056083,0.09883647935481041,-0.01010843458474678,2025,L8,sitio,cyrusone,dc
300.77904773671065,0.09701265548638954,-0.00519764006760364,2025,L8,sitio,cyrusone,dc
297.87254037142577,0.10564821415403006,-0.005651417501097277,2025,L8,sitio,cyrusone,dc
313.1803903511579,0.08965284297218681,-0.003417447872096488,2025,L8,sitio,cyrusone,dc
317.9000911054365,0.09573228525697111,-0.0034238718285451073,2025,L8,sitio,cyrusone,dc
317.7629665919346,0.09389114552418751,-0.00398080084059758,2025,L8,sitio,cyrusone,dc
313.3814662396953,0.12563543320135653,-0.030772047774632966,2025,L8,sitio,cyrusone,dc
325.14579125511665,0.10225226697198965,-0.004694067085057493,2025,L8,sitio,cyrusone,dc
326.45438548130534,0.09679062512132595,-0.002225711559612523,2025,L8,sitio,cyrusone,dc
323.8096646415884,0.10937228244332586,-0.0014061191002418454,2025,L8,sitio,cyrusone,dc
324.1461411171938,0.09886098286737342,-0.0044172677645027535,2025,L8,sitio,cyrusone,dc
314.93380613754346,0.10877164977800231,-0.008510677007982572,2025,L8,sitio,cyrusone,dc
323.64245511193286,0.10220540222831777,-0.007115197959993695,2025,L8,sitio,cyrusone,dc
306.22610154999353,0.15172018722538794,-0.020713368491875998,2025,L8,sitio,cyrusone,dc
315.7215421281778,0.09433379849763561,-0.003357747138336158,2025,L8,sitio,cyrusone,dc
306.46773261017347,0.09269511830231014,-0.0036749615366227046,2025,L8,sitio,cyrusone,dc
292.1613354598082,0.11132380956310577,-0.013544094471904865,2025,L8,sitio,cyrusone,dc
296.57077907819183,0.11579194649494856,-0.012414876655250694,2025,L8,sitio,cyrusone,dc
288.92982329724487,0.11344677367001821,-0.007705374821782993,2020,L8,sitio,cyrusone,dc
295.23218025743455,0.09786906187386654,5.034827902921458E-4,2020,L8,sitio,cyrusone,dc
299.6975716078323,0.10297633410354567,0.0016916696830075076,2020,L8,sitio,cyrusone,dc
299.09219412049526,0.11154840454956795,-0.014159974023316048,2020,L8,sitio,cyrusone,dc
309.1412626881151,0.09937229507895334,0.0027018789443070262,2020,L8,sitio,cyrusone,dc
320.29830053116854,0.0958935801926835,0.005554546041776392,2020,L8,sitio,cyrusone,dc
317.53602387632844,0.09713197319533388,0.00784963759153085,2020,L8,sitio,cyrusone,dc
326.78456812728103,0.10115595774923844,0.00851036784409281,2020,L8,sitio,cyrusone,dc
326.6905705640151,0.10056468649928493,0.0059960465505124886,2020,L8,sitio,cyrusone,dc
310.73706095871574,0.12381287903933301,-0.013671918586386817,2020,L8,sitio,cyrusone,dc
324.567996681128,0.0998166559807039,0.004519878942261739,2020,L8,sitio,cyrusone,dc
324.41481951288364,0.1360256294251417,0.01328881371533278,2020,L8,sitio,cyrusone,dc
315.4916222251903,0.09931889434320196,0.008084986795279497,2020,L8,sitio,cyrusone,dc
318.8906726203977,0.10127585496797761,0.010323495099332605,2020,L8,sitio,cyrusone,dc
312.952028085913,0.10724231354370471,0.007344247882602958,2020,L8,sitio,cyrusone,dc
296.7746526983229,0.11283369580995642,0.004913398924015433,2020,L8,sitio,cyrusone,dc
294.3936544991744,0.11360373714134878,0.005181843272062778,2020,L8,sitio,cyrusone,dc
289.5431233846092,0.11174754890351733,-2.632451888354273E-4,2020,L8,sitio,cyrusone,dc
288.21191511855454,0.10414809958383948,0.001514772955881626,2020,L8,sitio,cyrusone,dc
294.1115462524741,0.11028496781338835,7.163123137457271E-4,2021,L8,sitio,cyrusone,dc
292.318549979103,0.11434274245959682,0.0030205047495161915,2021,L8,sitio,cyrusone,dc
296.7172414837152,0.11302996958728394,0.0024279160150062593,2021,L8,sitio,cyrusone,dc
299.82569331584943,0.10463536647875932,0.003506804189460967,2021,L8,sitio,cyrusone,dc
308.4187123938269,0.0983048440885609,0.008601706060899734,2021,L8,sitio,cyrusone,dc
314.63910901055993,0.09677215835522628,0.00903094070928299,2021,L8,sitio,cyrusone,dc
312.9112602880297,0.10025569670236381,0.006116014710608067,2021,L8,sitio,cyrusone,dc
321.6913421042069,0.09563579958485209,0.009791381441236412,2021,L8,sitio,cyrusone,dc
318.96636429525415,0.09516364593238565,0.010969652139464544,2021,L8,sitio,cyrusone,dc
308.14504596261764,0.10521278726245435,-0.004868965518385237,2021,L8,sitio,cyrusone,dc
321.00686291750804,0.11136180792637557,0.007631138885418476,2021,L8,sitio,cyrusone,dc
314.49158033165816,0.11530498585914095,0.0011816183777261361,2021,L8,sitio,cyrusone,dc
309.5102335814259,0.11826891092941695,-0.0026476747808618166,2021,L8,sitio,cyrusone,dc
325.2491436992574,0.10616852736648492,0.0019291248297937783,2021,L8,sitio,cyrusone,dc
323.5409544458029,0.10462570392347746,0.003316033232713518,2021,L8,sitio,cyrusone,dc
309.7804295820701,0.10842046347213463,0.002448809798043321,2021,L8,sitio,cyrusone,dc
304.83250857453436,0.09719262897198261,0.005879606661062492,2021,L8,sitio,cyrusone,dc
306.87075926761025,0.10506525515925923,0.003800605920147453,2021,L8,sitio,cyrusone,dc
302.3044020420618,0.11603358382068851,-3.036609353831692E-4,2021,L8,sitio,cyrusone,dc
288.29521600350154,0.11537461545796131,-0.010028226591299332,2021,L8,sitio,cyrusone,dc
285.84765205817536,0.10646962725093248,-0.00958115050688813,2022,L8,sitio,cyrusone,dc
294.5795297241478,0.11815700087661546,-0.008839200373629667,2022,L8,sitio,cyrusone,dc
289.7890312548847,0.10549470512887152,-0.002320681186774247,2022,L8,sitio,cyrusone,dc
298.97739281931354,0.10166555083176748,8.047910065934972E-4,2022,L8,sitio,cyrusone,dc
299.0152508992058,0.09859782233505596,-0.0010736058212511214,2022,L8,sitio,cyrusone,dc
305.33360626218433,0.09650089293285521,0.0021576928978331296,2022,L8,sitio,cyrusone,dc
315.57402273234794,0.10099973865376219,9.586862922015871E-5,2022,L8,sitio,cyrusone,dc
313.0652378795894,0.10830376322817452,9.737894983231714E-4,2022,L8,sitio,cyrusone,dc
318.3601706961498,0.09953290435202304,0.0022651370023302297,2022,L8,sitio,cyrusone,dc
326.1244588495977,0.09948005420076439,0.003625659570879229,2022,L8,sitio,cyrusone,dc
331.1479229829479,0.10471972985787349,0.004076252593868227,2022,L8,sitio,cyrusone,dc
318.27580798845213,0.10487140117125889,5.066262396803564E-4,2022,L8,sitio,cyrusone,dc
328.4029505717497,0.10814110763781198,0.0019379005748810145,2022,L8,sitio,cyrusone,dc
323.8544187334118,0.1125913560252508,-9.745938175838347E-4,2022,L8,sitio,cyrusone,dc
316.67373929473416,0.11067321892471914,0.001444951574181145,2022,L8,sitio,cyrusone,dc
314.2802251993172,0.10538272097208297,0.0025495727944008554,2022,L8,sitio,cyrusone,dc
305.16726441135665,0.10590188239863951,-0.002824456656324107,2022,L8,sitio,cyrusone,dc
294.9230325905459,0.11285384712744156,-0.005117778392294659,2022,L8,sitio,cyrusone,dc
288.12277764507206,0.10053097452978854,-0.010734004250362842,2023,L8,sitio,cyrusone,dc
294.98286810394495,0.09623653900543727,-0.005812303364572144,2023,L8,sitio,cyrusone,dc
285.9585220278523,0.09780162021236385,-0.013385168620805198,2023,L8,sitio,cyrusone,dc
303.6329855331621,0.09174608689484925,-0.004140039127954516,2023,L8,sitio,cyrusone,dc
315.6991052338667,0.09661291426154753,-0.0021698299060757026,2023,L8,sitio,cyrusone,dc
316.59750573987674,0.10338980091185088,-0.003163076275061186,2023,L8,sitio,cyrusone,dc
320.2279063914943,0.10336699463185692,-0.0017480948356783969,2023,L8,sitio,cyrusone,dc
321.67829510065377,0.1018363519698176,9.968524057375873E-4,2023,L8,sitio,cyrusone,dc
323.35283710783125,0.09355073962025812,0.0026943767931931514,2023,L8,sitio,cyrusone,dc
326.06555225158314,0.09899469394176016,0.0018502218711300737,2023,L8,sitio,cyrusone,dc
322.15029772245646,0.10683997668204842,-0.005840141887055197,2023,L8,sitio,cyrusone,dc
326.56961926913704,0.10133006966241478,-0.005558686735534264,2023,L8,sitio,cyrusone,dc
309.2872158257146,0.10985622492563357,-0.017924527543184177,2023,L8,sitio,cyrusone,dc
318.54926519961197,0.09041361283098447,-0.004607313792687104,2023,L8,sitio,cyrusone,dc
311.63571423113285,0.09238650248216482,-0.004159166610347614,2023,L8,sitio,cyrusone,dc
313.33605899652696,0.09437542371039319,-0.002225026017403323,2023,L8,sitio,cyrusone,dc
304.9301098463289,0.07852854934363436,-8.083733282618211E-4,2023,L8,sitio,cyrusone,dc
299.2082539666171,0.10723568308759798,-0.009976946652946888,2023,L8,sitio,cyrusone,dc
296.28416237807295,0.10617422894488039,-0.012340048514011354,2023,L8,sitio,cyrusone,dc
284.42388632844035,0.10849168895259581,-0.013189230326889354,2024,L8,sitio,cyrusone,dc
288.8234635808897,0.10121923797285294,-0.022257440629679826,2024,L8,sitio,cyrusone,dc
304.08922796641093,0.0954433907217907,-0.007587771222892851,2024,L8,sitio,cyrusone,dc
294.0809713526798,0.09794522592615665,-0.03740226005571621,2024,L8,sitio,cyrusone,dc
312.40226571347165,0.09754998954008513,-0.003774072740836033,2024,L8,sitio,cyrusone,dc
316.3729563282459,0.08227877014089044,-0.003414567299650587,2024,L8,sitio,cyrusone,dc
319.7794545818346,0.09635401951525177,-3.802745563323987E-4,2024,L8,sitio,cyrusone,dc
326.2433184318624,0.09387476470669329,0.0016359814200770208,2024,L8,sitio,cyrusone,dc
327.10758300435145,0.09424186575457827,0.0011531266040336152,2024,L8,sitio,cyrusone,dc
320.81870455289214,0.09840156301721371,-0.002618965361747235,2024,L8,sitio,cyrusone,dc
323.5882850684283,0.1065459022125624,-0.0033245366384449452,2024,L8,sitio,cyrusone,dc
328.5926903451715,0.09943308107226087,-0.0038019729163713428,2024,L8,sitio,cyrusone,dc
322.21066080162194,0.0983550977561171,-0.006932052445554722,2024,L8,sitio,cyrusone,dc
325.0601779309826,0.10049732603912997,-0.0050902982909788175,2024,L8,sitio,cyrusone,dc
314.52787066381416,0.09835700799114987,-0.005938285336025557,2024,L8,sitio,cyrusone,dc
319.1922297207617,0.09704574638630667,-0.001988493773529903,2024,L8,sitio,cyrusone,dc
307.8244823084043,0.09746946504634496,-0.004804457269385813,2024,L8,sitio,cyrusone,dc
296.09967216262737,0.10412632443465347,-0.005350279163297958,2024,L8,sitio,cyrusone,dc
298.29355232613904,0.09092395564732349,-0.001171958003555002,2024,L8,sitio,cyrusone,dc
294.8468534695826,0.11476446801402139,-0.009169568470731571,2024,L8,sitio,cyrusone,dc
293.01906726471344,0.11229409195541185,-0.007435903252029351,2024,L8,sitio,cyrusone,dc
290.4968021458018,0.10586635948795384,-0.006490218311855264,2025,L8,sitio,cyrusone,dc
294.8581117571083,0.0999733630213406,-0.0034411345538910235,2025,L8,sitio,cyrusone,dc
293.49407858617457,0.10139227072832492,-0.013829305396078378,2025,L8,sitio,cyrusone,dc
303.6560800580858,0.09338991792245685,1.1164058407397848E-4,2025,L8,sitio,cyrusone,dc
296.57242058928784,0.10667275327896253,-0.009290345323676537,2025,L8,sitio,cyrusone,dc
299.7881987905548,0.09878946341305359,-0.010143072965327257,2025,L8,sitio,cyrusone,dc
316.72103918109156,0.09498693563905505,-0.0011249597720187966,2025,L8,sitio,cyrusone,dc
318.9116078704179,0.0956889553274266,-9.778846078151238E-4,2025,L8,sitio,cyrusone,dc
316.29099913740845,0.0997962397597572,3.208279422523853E-4,2025,L8,sitio,cyrusone,dc
316.6826391828923,0.1049959439571423,-6.854867825238486E-4,2025,L8,sitio,cyrusone,dc
328.97901952546675,0.09859778666952544,0.003381733829927782,2025,L8,sitio,cyrusone,dc
326.6108956449714,0.09899420421913815,0.001054520796569176,2025,L8,sitio,cyrusone,dc
331.7011900014268,0.10480718548918254,-0.0013775091109412454,2025,L8,sitio,cyrusone,dc
320.1275341055562,0.1191310000914854,-0.008994594623183267,2025,L8,sitio,cyrusone,dc
315.3898934371553,0.10772549206933246,-0.004094161602910676,2025,L8,sitio,cyrusone,dc
316.2040221151414,0.10148776852036946,-0.001941212606321243,2025,L8,sitio,cyrusone,dc
306.6337493797987,0.09753004382188898,-0.0023291880961315904,2025,L8,sitio,cyrusone,dc
304.92602229742096,0.11340668716870625,-0.0064540965145125926,2025,L8,sitio,cyrusone,dc
295.87047467611825,0.11268608850917194,-0.009972713874573389,2025,L8,sitio,cyrusone,dc
289.87539289391214,0.16809273199829786,-0.01698238112164732,2020,L8,outer,cyrusone,dc
291.12418314257167,0.1710219619435724,-0.02423137169164723,2020,L8,outer,cyrusone,dc
293.4391939449967,0.1412425783512807,-0.007285651161618968,2020,L8,outer,cyrusone,dc
319.4124088231044,0.13624209008229657,-0.0017865706571636001,2020,L8,outer,cyrusone,dc
317.510480822967,0.1432272168421709,-0.004180720969968658,2020,L8,outer,cyrusone,dc
325.33941432069565,0.141721427843738,-0.003927730136572477,2020,L8,outer,cyrusone,dc
324.3173556783675,0.13822167598269933,-0.0025874569637224162,2020,L8,outer,cyrusone,dc
318.08483406085594,0.1378933834670127,-0.004403432220943266,2020,L8,outer,cyrusone,dc
324.23974044277986,0.15113064935523135,-0.01457054460863495,2020,L8,outer,cyrusone,dc
321.74494269477367,0.15928326199653867,-0.015337835680217442,2020,L8,outer,cyrusone,dc
325.57495999635273,0.15635396348112535,-0.01537319953051083,2020,L8,outer,cyrusone,dc
315.4957863610516,0.1600606914279414,-0.01047263227551304,2020,L8,outer,cyrusone,dc
319.59472343171905,0.16257158132002186,-0.0031248517189719016,2020,L8,outer,cyrusone,dc
314.8438404338205,0.14740962260144724,-0.008994969282073636,2020,L8,outer,cyrusone,dc
310.038445668644,0.1585149051688775,-0.011638233259444342,2020,L8,outer,cyrusone,dc
287.46688580551523,0.24120991105414136,-0.07458026672842644,2020,L8,outer,cyrusone,dc
293.61755635901807,0.14720549559157142,-0.0072612655131191655,2020,L8,outer,cyrusone,dc
290.1250333470299,0.1419959906018768,-0.009881037080927366,2020,L8,outer,cyrusone,dc
289.82394685403966,0.1400262660100386,-0.010434142169502617,2021,L8,outer,cyrusone,dc
286.83624431798773,0.14091871342835718,-0.029915433033593126,2021,L8,outer,cyrusone,dc
297.9700923043306,0.1317171106977565,-0.003497280597633936,2021,L8,outer,cyrusone,dc
294.5957397928905,0.13497250784478815,-0.007335863526388469,2021,L8,outer,cyrusone,dc
305.4295969225465,0.13289203321379578,-0.008728442525737087,2021,L8,outer,cyrusone,dc
311.4656378478487,0.1319101417985203,-0.0025044775500479167,2021,L8,outer,cyrusone,dc
318.6777026354599,0.137817675444509,-0.0046298389666597425,2021,L8,outer,cyrusone,dc
318.4721012615643,0.12946016539620733,2.06456827864292E-4,2021,L8,outer,cyrusone,dc
323.2755932868805,0.13633614611399103,-0.0029640457966946055,2021,L8,outer,cyrusone,dc
329.23263551571785,0.14567202169254792,0.006349287253478311,2021,L8,outer,cyrusone,dc
325.0790582839726,0.15948016662803163,-0.008762640682632192,2021,L8,outer,cyrusone,dc
315.20761801158307,0.17351018220321426,-0.016942768331372753,2021,L8,outer,cyrusone,dc
319.5241092060733,0.15760848807673875,-0.012917444441336952,2021,L8,outer,cyrusone,dc
316.42686563798424,0.1494971134805131,-0.011488639293506115,2021,L8,outer,cyrusone,dc
311.1280549059268,0.14682744416182864,-0.011352258237496889,2021,L8,outer,cyrusone,dc
292.1769516866144,0.17401145843712013,-0.026791386513336256,2021,L8,outer,cyrusone,dc
291.761450403672,7.359620393851156,-0.025848253121131367,2021,L8,outer,cyrusone,dc
290.23523982530315,0.15428293343901464,-0.015800273409449145,2022,L8,outer,cyrusone,dc
291.87831635362966,0.1415868732946204,-0.011887167553314187,2022,L8,outer,cyrusone,dc
299.39445951742226,0.14473434977388192,-0.004307362702109654,2022,L8,outer,cyrusone,dc
307.63493074730945,0.12988147279123624,-0.004870004428082277,2022,L8,outer,cyrusone,dc
309.8849527867764,0.13140369944106756,-0.005724114274239829,2022,L8,outer,cyrusone,dc
316.38000588252584,0.1313952257258069,-0.006052364266542432,2022,L8,outer,cyrusone,dc
311.18493138866864,0.1333814940797086,-0.012271710702564704,2022,L8,outer,cyrusone,dc
322.10955357612175,0.1264093540952313,-0.002150824147777752,2022,L8,outer,cyrusone,dc
323.31664961130787,0.135813142599633,-0.005887598036633057,2022,L8,outer,cyrusone,dc
324.4883116676896,0.1350462140030262,-0.005769288776991828,2022,L8,outer,cyrusone,dc
323.89912943050086,0.15080863665882532,-0.012876756171618778,2022,L8,outer,cyrusone,dc
308.26161513737844,0.14069289668819038,-0.033891720720477,2022,L8,outer,cyrusone,dc
318.36173654727656,0.1532363977971305,-0.014748069026487712,2022,L8,outer,cyrusone,dc
317.55111406683744,0.16428926095733273,-0.019915736900104328,2022,L8,outer,cyrusone,dc
316.96474798318457,0.14591465555959862,-0.007326950651696094,2022,L8,outer,cyrusone,dc
310.0844307721958,0.14648464633510172,-0.008331188071590721,2022,L8,outer,cyrusone,dc
302.6872035464383,0.1464084041594528,-0.011568413088982413,2022,L8,outer,cyrusone,dc
295.69901909601,0.1556295753267507,-0.02165258798044365,2022,L8,outer,cyrusone,dc
293.6119239361648,0.14776816749865038,-0.016632278470330147,2022,L8,outer,cyrusone,dc
288.9088425692097,0.16161448886044746,-0.021266046452828626,2022,L8,outer,cyrusone,dc
291.897654400679,0.13647620405091268,-0.015898715291754514,2023,L8,outer,cyrusone,dc
289.7541337804686,0.132036362727324,-0.015178792747919627,2023,L8,outer,cyrusone,dc
294.87140490674295,0.13679815698595202,-0.013846101089742765,2023,L8,outer,cyrusone,dc
300.5448930469309,0.1266917642741742,-0.009686370460566312,2023,L8,outer,cyrusone,dc
312.0190748773786,0.1289021740756695,-0.008586971357809519,2023,L8,outer,cyrusone,dc
315.8446616900877,0.12422777870089649,-0.00806167842522599,2023,L8,outer,cyrusone,dc
322.4832509138266,0.12854572776100276,-0.010284873114109952,2023,L8,outer,cyrusone,dc
321.0015732346147,0.12540573685926346,-0.007801270522696976,2023,L8,outer,cyrusone,dc
321.931965950136,0.1238260225193691,-0.009255948194696818,2023,L8,outer,cyrusone,dc
324.9074618402664,0.1297047437122342,-0.009228843286893301,2023,L8,outer,cyrusone,dc
329.53289861526014,0.13872065411608683,-0.013929366738483212,2023,L8,outer,cyrusone,dc
319.00089400608954,0.13086848299391965,-0.016064601422112943,2023,L8,outer,cyrusone,dc
321.01175793634104,0.14852483737781247,-0.0187702579921534,2023,L8,outer,cyrusone,dc
321.8006003191072,0.1415929501149354,-0.01708837101362286,2023,L8,outer,cyrusone,dc
317.10712406619865,0.1228691620349211,-0.010056997766627374,2023,L8,outer,cyrusone,dc
308.94385337671764,0.13034489377843184,-0.009759243293944496,2023,L8,outer,cyrusone,dc
304.31868095321664,0.1211898471584623,-0.010167684300775038,2023,L8,outer,cyrusone,dc
303.49561721494086,0.13987941197940412,-0.01672720297656848,2023,L8,outer,cyrusone,dc
292.6995461664469,0.14402831032917499,-0.02292434696405384,2023,L8,outer,cyrusone,dc
283.6387384359542,0.1356990234351382,-0.049711399352414254,2023,L8,outer,cyrusone,dc
297.6739307576831,0.12992893178673287,-0.011490310025458255,2024,L8,outer,cyrusone,dc
302.5412241429204,0.13891164284029175,-0.013316017392012445,2024,L8,outer,cyrusone,dc
306.1573769687916,0.12830200851393753,-0.01109956133984729,2024,L8,outer,cyrusone,dc
303.16046971294867,0.12861237824853605,-0.01423590334233789,2024,L8,outer,cyrusone,dc
318.0530334394883,0.12708609625917625,-0.010008533887862365,2024,L8,outer,cyrusone,dc
317.3327899776109,0.12753567192285906,-0.006352073846032241,2024,L8,outer,cyrusone,dc
324.99411810423334,0.12411206613060773,-0.008114097947200794,2024,L8,outer,cyrusone,dc
306.1025293897946,0.15955818900095786,-0.044465968699300584,2024,L8,outer,cyrusone,dc
326.27659963181014,0.12492200115018326,-0.005993893006628951,2024,L8,outer,cyrusone,dc
318.5053865759499,0.14370129548944346,-0.01057295850216161,2024,L8,outer,cyrusone,dc
323.57976762660394,0.1361124782245347,-0.011799427805596075,2024,L8,outer,cyrusone,dc
320.09897199431293,0.1344279391518994,-0.012472804009630408,2024,L8,outer,cyrusone,dc
320.9737548443206,0.12868425947168025,-0.011517587512566312,2024,L8,outer,cyrusone,dc
313.6801856239004,0.1230077348735523,-0.009360873263176514,2024,L8,outer,cyrusone,dc
302.28731078788354,0.12154516219628848,-0.011297189425074156,2024,L8,outer,cyrusone,dc
297.3335412486967,0.13641250014697598,-0.015290015317019396,2024,L8,outer,cyrusone,dc
293.78296201654837,0.13624828887749937,-0.015146306562880142,2024,L8,outer,cyrusone,dc
287.25121197051624,0.12859495003302465,-0.024023554791081696,2025,L8,outer,cyrusone,dc
290.99866323952637,0.12267371002983476,-0.01327197906328478,2025,L8,outer,cyrusone,dc
300.09392886996255,0.11882694222810432,-0.013401494001259777,2025,L8,outer,cyrusone,dc
300.67405184415173,0.11787190907568089,-0.00847192839214958,2025,L8,outer,cyrusone,dc
297.58218844674616,0.13914926211026887,-0.008457989260232383,2025,L8,outer,cyrusone,dc
312.8301594431903,0.11195799216511011,-0.0062954081868764515,2025,L8,outer,cyrusone,dc
317.2936003870691,0.12046097974565667,-0.00554850415418762,2025,L8,outer,cyrusone,dc
317.2501738242532,0.11903831506868828,-0.00833113740781138,2025,L8,outer,cyrusone,dc
313.27055717449133,0.138005148054739,-0.037033364785592666,2025,L8,outer,cyrusone,dc
324.64480061754256,0.1376639910476884,-0.014943368773670366,2025,L8,outer,cyrusone,dc
325.9000952555324,0.13528620747532016,-0.013257740846777413,2025,L8,outer,cyrusone,dc
323.1182966292276,0.14284388688878907,-0.012851927924545599,2025,L8,outer,cyrusone,dc
323.63256769315115,0.13892314220955376,-0.014713337242981964,2025,L8,outer,cyrusone,dc
314.44762765933075,0.14974096664301856,-0.02082602115526238,2025,L8,outer,cyrusone,dc
323.1384890120655,0.15167510420477429,-0.016408365054537716,2025,L8,outer,cyrusone,dc
306.0043864158104,0.15922598005786617,-0.02356838303491725,2025,L8,outer,cyrusone,dc
315.2633146974547,0.1314508071187974,-0.012966672018067393,2025,L8,outer,cyrusone,dc
306.10836008748447,0.13261809502487582,-0.011734616440022185,2025,L8,outer,cyrusone,dc
292.0166866149734,0.15273496667313113,-0.02055417407374995,2025,L8,outer,cyrusone,dc
296.38728203717295,0.15377848370114414,-0.019558709482068084,2025,L8,outer,cyrusone,dc
289.2459763008903,0.15426378101958357,-0.010690025513884174,2020,L8,outer,cyrusone,dc
295.59516916463184,0.1386513577945726,-0.005112076259866756,2020,L8,outer,cyrusone,dc
299.9515725752054,0.15589384538115686,-0.00409745499850769,2020,L8,outer,cyrusone,dc
298.9568476898307,0.16397597885181603,-0.02260867292209372,2020,L8,outer,cyrusone,dc
309.5727108319606,0.14056171429246492,-0.002007577974186501,2020,L8,outer,cyrusone,dc
320.3859245062477,0.13493511838989306,-0.0018599252340105858,2020,L8,outer,cyrusone,dc
317.81967833436494,0.13542960798503167,0.001792143425827365,2020,L8,outer,cyrusone,dc
326.5846239374795,0.1466956252936002,-8.727327093751314E-4,2020,L8,outer,cyrusone,dc
326.44239044112913,0.15005504923083168,-0.006897675939298213,2020,L8,outer,cyrusone,dc
310.57896027789724,0.17216877618339252,-0.030428303338713776,2020,L8,outer,cyrusone,dc
324.02664904608815,0.14993256657813042,-0.011943072785350964,2020,L8,outer,cyrusone,dc
323.94406562930914,0.17497903639669488,-0.003938535643917318,2020,L8,outer,cyrusone,dc
315.2718821918819,0.14394388472531056,-0.0033081529405744,2020,L8,outer,cyrusone,dc
318.61553882995935,0.14530801121232959,-0.004217817733330958,2020,L8,outer,cyrusone,dc
312.6642652246542,0.15206390053063673,-0.0057184338801384285,2020,L8,outer,cyrusone,dc
296.60624710939965,0.15869163078847068,-0.010265315334645635,2020,L8,outer,cyrusone,dc
294.32030922928385,0.15098665696162816,-0.004960290606813556,2020,L8,outer,cyrusone,dc
289.66237604569415,0.1443672133604145,-0.0076881216405136526,2020,L8,outer,cyrusone,dc
288.26359301218156,0.13456927028675109,-0.00494220499265617,2020,L8,outer,cyrusone,dc
294.2641831049428,0.14175469611378272,-0.003823231766438327,2021,L8,outer,cyrusone,dc
292.560729836296,0.13643597250162562,-0.0020623848941958016,2021,L8,outer,cyrusone,dc
296.8694802185285,0.13992162067735234,-0.001390836081903167,2021,L8,outer,cyrusone,dc
299.8870704531207,0.12645575495138042,-0.0011282521346486594,2021,L8,outer,cyrusone,dc
308.47051670714524,0.1285428394612803,0.00616284829158334,2021,L8,outer,cyrusone,dc
314.36165127133455,0.12676404593653148,0.003725544521747516,2021,L8,outer,cyrusone,dc
312.7524621929166,0.13117141727419482,-8.565588828544461E-4,2021,L8,outer,cyrusone,dc
321.4509785650183,0.1332439633420604,6.833318637816122E-4,2021,L8,outer,cyrusone,dc
318.7170925377976,0.12694793693984485,0.004533187295974133,2021,L8,outer,cyrusone,dc
307.9988266750815,0.13524258317915414,-0.008772403640424933,2021,L8,outer,cyrusone,dc
320.7579228484362,0.14385285934351344,0.0016709936328010366,2021,L8,outer,cyrusone,dc
314.18983300256457,0.1598048661827046,-0.011366122512690575,2021,L8,outer,cyrusone,dc
309.21829083739703,0.16754520053156297,-0.015007510354729425,2021,L8,outer,cyrusone,dc
324.94526353493876,0.15081952177168578,-0.008776322240601278,2021,L8,outer,cyrusone,dc
323.0146896365917,0.14879951677876416,-0.008477804422065936,2021,L8,outer,cyrusone,dc
309.5269439540967,0.1503429432400791,-0.008471271045352497,2021,L8,outer,cyrusone,dc
304.7242471586694,0.138965280284652,-0.005333104003109542,2021,L8,outer,cyrusone,dc
306.6139329799867,0.14682951346170178,-0.007688962289600715,2021,L8,outer,cyrusone,dc
302.14174791593666,0.16837103048995844,-0.011730658342507867,2021,L8,outer,cyrusone,dc
288.5062631740412,0.14953622790105248,-0.014753079821714503,2021,L8,outer,cyrusone,dc
286.053682708588,0.141471340347468,-0.014662804005637218,2022,L8,outer,cyrusone,dc
294.4578972512442,0.14761544997746295,-0.011321702215003804,2022,L8,outer,cyrusone,dc
289.8262142620054,0.1346656353092208,-0.005229367907083757,2022,L8,outer,cyrusone,dc
298.8908847909473,0.12954885157535861,-9.41548690838172E-4,2022,L8,outer,cyrusone,dc
299.0097409609726,0.12966426393609204,-0.003719095117565087,2022,L8,outer,cyrusone,dc
305.2710777017986,0.1270149875389048,-1.1800765787731065E-4,2022,L8,outer,cyrusone,dc
315.5003546181327,0.1305374785353262,-0.002313643173143205,2022,L8,outer,cyrusone,dc
312.794711272408,0.1323229646940595,-5.407711034273417E-4,2022,L8,outer,cyrusone,dc
318.2950714882179,0.12469831487552151,0.0010863637822045799,2022,L8,outer,cyrusone,dc
325.591247716999,0.12471064711218738,0.002762504591718834,2022,L8,outer,cyrusone,dc
330.7757366217961,0.13888435070166544,-0.001935392110008742,2022,L8,outer,cyrusone,dc
317.75923565561334,0.14837589143101268,-0.009597127171328542,2022,L8,outer,cyrusone,dc
327.92519179516074,0.14828775721833254,-0.007656214875527954,2022,L8,outer,cyrusone,dc
323.3479287898655,0.16095604205772115,-0.014069306836739891,2022,L8,outer,cyrusone,dc
316.19094971692283,0.1515762621067849,-0.009021114245698807,2022,L8,outer,cyrusone,dc
314.0086325226092,0.13881716896597093,-0.0018594227094471565,2022,L8,outer,cyrusone,dc
304.9994574215405,0.14674438254958164,-0.010207971466361555,2022,L8,outer,cyrusone,dc
294.8652619595515,0.1511806005890792,-0.013184403188672096,2022,L8,outer,cyrusone,dc
288.33336864561034,0.1326380502536137,-0.012911044902244543,2023,L8,outer,cyrusone,dc
295.04942380122327,0.1279889412285144,-0.008133404778612376,2023,L8,outer,cyrusone,dc
286.115414522452,0.13104931059624494,-0.018318027450787394,2023,L8,outer,cyrusone,dc
303.67766284652646,0.13241275490090898,-0.011824273458149044,2023,L8,outer,cyrusone,dc
315.8021885678671,0.12644843583606818,-0.005527942282669571,2023,L8,outer,cyrusone,dc
316.6212734250276,0.13248140877856504,-0.006790307166565657,2023,L8,outer,cyrusone,dc
319.98056977526676,0.12997241390160716,-0.0058204631026054846,2023,L8,outer,cyrusone,dc
321.57540059441817,0.1372091301560369,-0.0028976857189262233,2023,L8,outer,cyrusone,dc
323.29379140611144,0.12333018985745338,-0.0014966760860575757,2023,L8,outer,cyrusone,dc
325.9153120658593,0.1294835040400441,-0.0033126076034479487,2023,L8,outer,cyrusone,dc
321.9270490810715,0.146312761276745,-0.011836906005235988,2023,L8,outer,cyrusone,dc
326.2486554911866,0.1323325620024888,-0.010259143364177298,2023,L8,outer,cyrusone,dc
309.2302873338174,0.1512010965192624,-0.022317642945535635,2023,L8,outer,cyrusone,dc
318.5344822860544,0.12452036178990489,-0.009002390137092425,2023,L8,outer,cyrusone,dc
311.6912752900619,0.12301308207381409,-0.007245771215439746,2023,L8,outer,cyrusone,dc
313.1859670095804,0.11973609634008255,-0.0053523479405096054,2023,L8,outer,cyrusone,dc
305.1893776975832,0.10501961892782768,0.0017214832161610598,2023,L8,outer,cyrusone,dc
299.23700054185764,0.1353579312322231,-0.011597690221190695,2023,L8,outer,cyrusone,dc
296.3521135134047,0.13317671846594398,-0.014576969075369402,2023,L8,outer,cyrusone,dc
284.56484205475476,0.13726346609050608,-0.01222708219957267,2024,L8,outer,cyrusone,dc
288.98194642828776,0.12777121713352121,-0.02325491176482826,2024,L8,outer,cyrusone,dc
304.1795624806531,0.12598105687389757,-0.00893445316472911,2024,L8,outer,cyrusone,dc
294.3410249793629,0.13189226689832323,-0.03387469879650227,2024,L8,outer,cyrusone,dc
312.39015268467944,0.13418462211376894,-0.007223120509384394,2024,L8,outer,cyrusone,dc
316.30331130198925,0.11028572360246637,-0.005480546453647954,2024,L8,outer,cyrusone,dc
319.7794305034938,0.1215462013562855,-0.0016047901162662894,2024,L8,outer,cyrusone,dc
325.986007348557,0.1206011762368898,-6.131360570177588E-4,2024,L8,outer,cyrusone,dc
326.8982552732898,0.11671045887016629,-4.020327702889345E-4,2024,L8,outer,cyrusone,dc
320.37261842182795,0.1286891124463741,-0.006549409593975133,2024,L8,outer,cyrusone,dc
323.35547496809386,0.1333027060821487,-0.006246432990774454,2024,L8,outer,cyrusone,dc
327.9336436497597,0.13106553895292677,-0.008058516815876814,2024,L8,outer,cyrusone,dc
321.84165395991664,0.1307882391517582,-0.011833184628358626,2024,L8,outer,cyrusone,dc
324.92583438073393,0.13259828361742518,-0.010365385638947911,2024,L8,outer,cyrusone,dc
314.54540077819496,0.12511934045226647,-0.00996872741290848,2024,L8,outer,cyrusone,dc
318.936618931324,0.12173699510652998,-0.005381993348755144,2024,L8,outer,cyrusone,dc
307.8008293177632,0.12457654189306697,-0.008077309509236588,2024,L8,outer,cyrusone,dc
296.0673567140314,0.13119165661269758,-0.008607712771139628,2024,L8,outer,cyrusone,dc
298.3734277627773,0.118405558217774,-2.2276199788327195E-4,2024,L8,outer,cyrusone,dc
294.75244128977755,0.1408419044711235,-0.013746568881034298,2024,L8,outer,cyrusone,dc
292.9276562049045,0.13239588836767308,-0.011300429408897424,2024,L8,outer,cyrusone,dc
290.350082391163,0.1264129175377459,-0.011203078428250692,2025,L8,outer,cyrusone,dc
294.58574195940184,0.11822265407697198,-0.007145421611266781,2025,L8,outer,cyrusone,dc
293.37208168078763,0.1150984259836549,-0.015258707458568324,2025,L8,outer,cyrusone,dc
303.5741916796869,0.11052005060994129,-0.001476043025422106,2025,L8,outer,cyrusone,dc
296.1252839973643,0.12846393112594925,-0.013000418408336533,2025,L8,outer,cyrusone,dc
299.83254673905077,0.11991618621667108,-0.009464009657413215,2025,L8,outer,cyrusone,dc
316.47418657091913,0.11507777522423407,-0.003449542643354308,2025,L8,outer,cyrusone,dc
318.49242630995354,0.11647341460372097,-0.005233376234409314,2025,L8,outer,cyrusone,dc
315.71180828059414,0.12754876423281433,-0.008608333956096757,2025,L8,outer,cyrusone,dc
316.17802434240184,0.1400776404642537,-0.011761001098645408,2025,L8,outer,cyrusone,dc
328.1516085761016,0.13664594048836404,-0.007713493208109643,2025,L8,outer,cyrusone,dc
326.17248341810097,0.1367042203650101,-0.009527386887120513,2025,L8,outer,cyrusone,dc
331.0198263301258,0.13990281274623054,-0.011490594536153111,2025,L8,outer,cyrusone,dc
319.1292616349879,0.14432767771325716,-0.019945670623427173,2025,L8,outer,cyrusone,dc
315.05396029119214,0.1443493682513045,-0.014829874394738051,2025,L8,outer,cyrusone,dc
315.72461041458786,0.14080110681418975,-0.012175371598184359,2025,L8,outer,cyrusone,dc
306.16225062148584,0.13309797071107407,-0.010769217496555343,2025,L8,outer,cyrusone,dc
304.5405686252569,0.15171577563543623,-0.015862061762503803,2025,L8,outer,cyrusone,dc
295.6895238182974,0.1529044559962237,-0.017484779412965463,2025,L8,outer,cyrusone,dc
287.46086158423526,0.10466873229664188,-0.01118900352145536,2022,L9,sitio,cyrusone,dc
293.649646604774,0.1209395153582113,-0.010349201673324458,2022,L9,sitio,cyrusone,dc
291.14222973331744,0.10300353785286541,-0.003077013047125092,2022,L9,sitio,cyrusone,dc
299.29759956894395,0.09984114092824897,-0.002730207970634359,2022,L9,sitio,cyrusone,dc
299.6255009758415,0.09652763059033752,-0.002483396617847922,2022,L9,sitio,cyrusone,dc
309.0746163547601,0.09467461446533597,0.001225916269281085,2022,L9,sitio,cyrusone,dc
313.1085740034316,0.1047228973956137,-0.004466121331491778,2022,L9,sitio,cyrusone,dc
314.8157128725782,0.10520166540792664,4.487559940873457E-4,2022,L9,sitio,cyrusone,dc
314.90058729555085,0.10168311630704988,-0.004339195312966592,2022,L9,sitio,cyrusone,dc
323.04148247391373,0.09700645998550693,-6.176914264246111E-5,2022,L9,sitio,cyrusone,dc
326.6381937305047,0.10556523181235937,0.0014361518089473508,2022,L9,sitio,cyrusone,dc
321.43959000977304,0.1038865709469216,8.056635691430198E-4,2022,L9,sitio,cyrusone,dc
318.7208488850317,0.11107353464189829,-0.002776325123290277,2022,L9,sitio,cyrusone,dc
317.7197018083301,0.10893301857678256,-0.009354275743195006,2022,L9,sitio,cyrusone,dc
322.97338777465905,0.11248863000789967,-0.0013909638379458252,2022,L9,sitio,cyrusone,dc
315.8983485622635,0.10911288765687621,5.585346904092479E-5,2022,L9,sitio,cyrusone,dc
314.02002940612505,0.10841052916156114,8.995045936095582E-4,2022,L9,sitio,cyrusone,dc
305.950995350654,0.10107677499531584,-0.003857163011074195,2022,L9,sitio,cyrusone,dc
295.832115039793,0.11394208881130644,-0.007932595998527654,2022,L9,sitio,cyrusone,dc
288.2841462151547,0.10793910553518168,-0.01564651765912832,2022,L9,sitio,cyrusone,dc
287.5082577394765,0.09755992910182137,-0.014651984322572392,2023,L9,sitio,cyrusone,dc
293.44801173383746,0.09130034737756944,-0.0048092105093309415,2023,L9,sitio,cyrusone,dc
293.08905337586447,0.09974844349972377,-0.00774513709516099,2023,L9,sitio,cyrusone,dc
303.4339804188033,0.08927363617136788,-0.005868526611525872,2023,L9,sitio,cyrusone,dc
314.30940315643204,0.10273983439829908,-0.01742672972822656,2023,L9,sitio,cyrusone,dc
316.8488850937498,0.09747106121809185,-0.0023075115211009527,2023,L9,sitio,cyrusone,dc
318.20488064249344,0.10177865079445983,-0.0037489772282170357,2023,L9,sitio,cyrusone,dc
321.29819606540315,0.09694142923339576,-0.002707993255830003,2023,L9,sitio,cyrusone,dc
323.24711464363077,0.09270383836814107,-6.111128820094047E-4,2023,L9,sitio,cyrusone,dc
327.3166748356047,0.09605827352110972,-0.002201193870792624,2023,L9,sitio,cyrusone,dc
327.83896889277867,0.10109905973388589,-0.006077843213844666,2023,L9,sitio,cyrusone,dc
308.9817719053331,0.09629355545791712,-0.03394767267295645,2023,L9,sitio,cyrusone,dc
303.28059533071433,0.17851362241272292,-0.046567487062336835,2023,L9,sitio,cyrusone,dc
318.6297836508332,0.10024935269512912,-0.009062837233141881,2023,L9,sitio,cyrusone,dc
317.3868517330861,0.09087369823198786,-0.006557073869551018,2023,L9,sitio,cyrusone,dc
313.9427290218579,0.08944419464677202,-0.005436949934049243,2023,L9,sitio,cyrusone,dc
313.03203797181766,0.09319184964966457,-0.0030353951901876523,2023,L9,sitio,cyrusone,dc
305.8299412944796,0.09880865276126446,-0.0076160741402623916,2023,L9,sitio,cyrusone,dc
298.1842074876232,0.10218671618424145,-0.014761475055754899,2023,L9,sitio,cyrusone,dc
293.9398897612779,0.10893549917312675,-0.01529592004397637,2023,L9,sitio,cyrusone,dc
285.27618695777625,0.10040864921839164,-0.020541979054256546,2024,L9,sitio,cyrusone,dc
302.5650225129115,0.09326742739504164,-0.007540920095807573,2024,L9,sitio,cyrusone,dc
308.24651048495224,0.0905637325022229,-0.004909700323824789,2024,L9,sitio,cyrusone,dc
312.95359152583984,0.09165172369259014,-0.0030602665389360363,2024,L9,sitio,cyrusone,dc
317.938434657862,0.08347196538194947,-0.006904534010853534,2024,L9,sitio,cyrusone,dc
316.6714413599919,0.10000873020199125,-0.006995877253316682,2024,L9,sitio,cyrusone,dc
325.2347592199821,0.09030470370775427,9.513865023829742E-4,2024,L9,sitio,cyrusone,dc
325.1525229509071,0.09249546807003986,-0.002736493422436525,2024,L9,sitio,cyrusone,dc
323.81775293879514,0.09375814342902886,-0.005427003923123435,2024,L9,sitio,cyrusone,dc
325.7848536318625,0.1028731118449121,-0.0028939486371572167,2024,L9,sitio,cyrusone,dc
329.8649125428291,0.0979996978768979,-0.005931822724622364,2024,L9,sitio,cyrusone,dc
321.6518823270856,0.1021389905607696,-0.00992185018885671,2024,L9,sitio,cyrusone,dc
326.60638608285444,0.09888435215761335,-0.007634417461532742,2024,L9,sitio,cyrusone,dc
311.7588685096696,0.10203080085017452,-0.008400369924973868,2024,L9,sitio,cyrusone,dc
318.36178288725256,0.09486649312418995,-0.005224056102577433,2024,L9,sitio,cyrusone,dc
309.2767418837854,0.09399308567780963,-0.002628872788400622,2024,L9,sitio,cyrusone,dc
296.5746730046063,0.10018521572456957,-0.008478658774289681,2024,L9,sitio,cyrusone,dc
283.6441443276307,0.06926221121183358,-0.04698697760644305,2024,L9,sitio,cyrusone,dc
292.05449241501,0.10563592708445543,-0.009452816812384577,2024,L9,sitio,cyrusone,dc
289.4113927389753,0.10384890717681111,-0.007103522163446147,2025,L9,sitio,cyrusone,dc
291.57016656035654,0.09558591280288342,-0.023865304350940423,2025,L9,sitio,cyrusone,dc
303.5736926915228,0.09394012439142439,-0.004815955421383189,2025,L9,sitio,cyrusone,dc
288.92087053182513,0.10160812857930353,-0.030459655539012316,2025,L9,sitio,cyrusone,dc
296.3070155372983,0.10188454092300649,-0.026753539306032255,2025,L9,sitio,cyrusone,dc
310.7022721884445,0.09619811126340475,-0.0033377597878620773,2025,L9,sitio,cyrusone,dc
319.0091123375706,0.09722195097750701,-0.0014102010891920056,2025,L9,sitio,cyrusone,dc
319.85442874258587,0.09407417392738367,0.0016771344879127222,2025,L9,sitio,cyrusone,dc
318.8518581687598,0.11460238847942558,-0.001713701865443794,2025,L9,sitio,cyrusone,dc
326.19044181663435,0.09417432726315912,-2.2389071423392518E-4,2025,L9,sitio,cyrusone,dc
327.5069291722223,0.09674349181792782,-0.0016941542251906593,2025,L9,sitio,cyrusone,dc
317.11483667998294,0.10587549224481113,-0.007398322574967604,2025,L9,sitio,cyrusone,dc
332.1061104892914,0.10319878611870978,-0.004799531064617416,2025,L9,sitio,cyrusone,dc
311.823910209641,0.11541312013007243,-0.011769170330986635,2025,L9,sitio,cyrusone,dc
318.1516466211724,0.10757949179450206,-0.0088696819837555,2025,L9,sitio,cyrusone,dc
320.2543934312277,0.09836435807997673,-0.004571712453442802,2025,L9,sitio,cyrusone,dc
307.781374299235,0.0951818536595958,-0.005796537053288059,2025,L9,sitio,cyrusone,dc
302.97812273315645,0.1084430290998059,-0.011433316313432095,2025,L9,sitio,cyrusone,dc
296.0263199685851,0.11540825114792927,-0.013023925266150581,2025,L9,sitio,cyrusone,dc
293.51850079376834,0.11398550695416865,-0.013790651561535971,2025,L9,sitio,cyrusone,dc
292.42312170424367,0.11779279089394332,-0.022604900546098053,2026,L9,sitio,cyrusone,dc
295.75216941223624,0.11131532761813102,-0.010795293586063567,2026,L9,sitio,cyrusone,dc
297.57043835743127,0.10877308485750847,-0.012191552718611812,2026,L9,sitio,cyrusone,dc
308.34197271262576,0.09700126940763729,-0.003571286390760449,2026,L9,sitio,cyrusone,dc
293.09738290654525,0.114146427258855,-0.006166538374444229,2022,L9,sitio,cyrusone,dc
292.85067992982965,0.10730512332281962,-0.00460214011856632,2022,L9,sitio,cyrusone,dc
298.00850221463236,0.10984428091875602,-0.0015869497167299552,2022,L9,sitio,cyrusone,dc
294.8243295463725,0.10015190704409575,-0.012949423726852266,2022,L9,sitio,cyrusone,dc
309.2078942708189,0.10005358938598953,-0.0012654023012328905,2022,L9,sitio,cyrusone,dc
315.1755800351921,0.10035185252121845,-1.5718705216685415E-4,2022,L9,sitio,cyrusone,dc
318.1906160713549,0.10644889099011329,-7.776991962086773E-4,2022,L9,sitio,cyrusone,dc
323.6105972402114,0.09746759705152279,0.0030717007805951815,2022,L9,sitio,cyrusone,dc
323.9124121570209,0.09818840828185423,0.0037409189071303337,2022,L9,sitio,cyrusone,dc
318.3677385085352,0.12346256190133277,-0.005115297591243128,2022,L9,sitio,cyrusone,dc
318.8063811540088,0.11047899580595776,-9.405677479917153E-4,2022,L9,sitio,cyrusone,dc
321.0595496837999,0.11504074022088356,-0.0025908964478979675,2022,L9,sitio,cyrusone,dc
321.60100282846605,0.10933321947723522,3.442925272703798E-4,2022,L9,sitio,cyrusone,dc
315.1423487155552,0.11408864291113183,-0.004925895742544043,2022,L9,sitio,cyrusone,dc
323.0496202115143,0.10990543973824636,0.0014081799637063299,2022,L9,sitio,cyrusone,dc
313.13424760602857,0.11131470283968291,3.454657794038407E-4,2022,L9,sitio,cyrusone,dc
309.4301203196611,0.10253708381833308,0.0011842265978783044,2022,L9,sitio,cyrusone,dc
302.55904857221725,0.10338571298695137,-0.0015386053768280002,2022,L9,sitio,cyrusone,dc
295.5137863332094,0.11293442822740683,-0.00908365812527765,2022,L9,sitio,cyrusone,dc
294.61704265407167,0.10883843611640777,-0.005844675355194392,2022,L9,sitio,cyrusone,dc
293.9750256615318,0.10404321105379076,-0.003484702375466176,2023,L9,sitio,cyrusone,dc
291.3524173605065,0.09646966438917423,-0.0053690424861678205,2023,L9,sitio,cyrusone,dc
308.19428452556986,0.09251847826130494,-0.002742780586723572,2023,L9,sitio,cyrusone,dc
312.19473753310314,0.09738339887290623,-0.002417221504168861,2023,L9,sitio,cyrusone,dc
312.7250048323057,0.10069488214241316,-0.0031878897505656922,2023,L9,sitio,cyrusone,dc
322.19513304523997,0.10225783088077785,-8.322596169037499E-4,2023,L9,sitio,cyrusone,dc
322.96338462915486,0.09797941076680235,0.0014229257593774073,2023,L9,sitio,cyrusone,dc
323.9969006360558,0.09338421643428226,1.694320750033206E-4,2023,L9,sitio,cyrusone,dc
326.69605223015344,0.09436117206800923,-7.046625157074086E-4,2023,L9,sitio,cyrusone,dc
325.2753152297033,0.10855793829592363,-0.005833901816965834,2023,L9,sitio,cyrusone,dc
322.2747631848133,0.10047320750640609,-0.006906687178810057,2023,L9,sitio,cyrusone,dc
324.8732863415137,0.10493282773176371,-0.005365354787886343,2023,L9,sitio,cyrusone,dc
317.70315062804525,0.09326456069782223,-0.0035640441442759377,2023,L9,sitio,cyrusone,dc
309.66972808137905,0.09182072020476058,-0.004241258961043248,2023,L9,sitio,cyrusone,dc
307.817037307222,0.09610346729142878,-0.0037530760135040357,2023,L9,sitio,cyrusone,dc
303.440573542896,0.10645249838129688,-0.008834680307394415,2023,L9,sitio,cyrusone,dc
295.89316516728945,0.11870367014548848,-0.013273539696502773,2023,L9,sitio,cyrusone,dc
293.2123539282714,0.09828278102629667,-0.004371747611659848,2023,L9,sitio,cyrusone,dc
290.04064270827115,0.10424932323511714,-0.014933105852881653,2023,L9,sitio,cyrusone,dc
290.23803990029967,0.08797755667294804,-0.009612066676666923,2024,L9,sitio,cyrusone,dc
297.6933999935681,0.12295061085393419,-0.020899111215077967,2024,L9,sitio,cyrusone,dc
296.7149684625445,0.09595828626674599,-0.011031038367706601,2024,L9,sitio,cyrusone,dc
304.60092643974815,0.09335778149770074,-0.0065559914258061305,2024,L9,sitio,cyrusone,dc
304.5274175068709,0.1003005487191655,-0.00813890141377675,2024,L9,sitio,cyrusone,dc
318.5094945294229,0.09637649989249293,-0.003931616753655233,2024,L9,sitio,cyrusone,dc
317.2902380650602,0.09060105081033991,-0.0019299853443035873,2024,L9,sitio,cyrusone,dc
319.86688160909256,0.09480434678142223,-2.497741896511629E-4,2024,L9,sitio,cyrusone,dc
319.1073488909536,0.181504221028396,-0.06957186544342507,2024,L9,sitio,cyrusone,dc
322.781959875333,0.10392015927832376,-0.003711199705239452,2024,L9,sitio,cyrusone,dc
326.95361982915625,0.10409794915806055,-5.648209580710843E-4,2024,L9,sitio,cyrusone,dc
319.6735405705181,0.11239980458145492,-0.004665806447201254,2024,L9,sitio,cyrusone,dc
317.14515568101876,0.12371041097342302,-0.04755467143655575,2024,L9,sitio,cyrusone,dc
319.76959403840027,0.10427600378657662,-0.002058578213301095,2024,L9,sitio,cyrusone,dc
321.5755948131882,0.09955187650306763,-0.0039595886582615755,2024,L9,sitio,cyrusone,dc
314.786480526853,0.10091707012645282,-0.002020468321376638,2024,L9,sitio,cyrusone,dc
301.8835048857114,0.09961617786746055,-0.0038185538402309067,2024,L9,sitio,cyrusone,dc
299.09795361193807,0.10147776070588004,-0.0056981935001951195,2024,L9,sitio,cyrusone,dc
297.20712778252573,0.10871955894443884,-0.008026569546384968,2024,L9,sitio,cyrusone,dc
284.5318668188313,0.11188678385345582,-0.02776938926462008,2024,L9,sitio,cyrusone,dc
293.20148740472195,0.09505541237439516,-0.0035330532142768332,2025,L9,sitio,cyrusone,dc
291.24435410326805,0.10382849703553534,-0.00530933276650047,2025,L9,sitio,cyrusone,dc
296.539897734073,0.10124935712816416,-0.009126738614756057,2025,L9,sitio,cyrusone,dc
300.16598995835193,0.09646753479721984,-0.0028999960604436203,2025,L9,sitio,cyrusone,dc
310.0580963225013,0.09262774231373992,-7.932193895423749E-4,2025,L9,sitio,cyrusone,dc
313.9122073604343,0.09940379811572815,-0.0015509621478366075,2025,L9,sitio,cyrusone,dc
316.8502679284771,0.09415673141346777,-3.932764637759422E-4,2025,L9,sitio,cyrusone,dc
319.21494377836785,0.09723957637660496,-2.817131976960689E-4,2025,L9,sitio,cyrusone,dc
323.8011257860162,0.09663347102946404,9.150124530393166E-4,2025,L9,sitio,cyrusone,dc
327.5647294046571,0.10747614086048192,0.001022238442957814,2025,L9,sitio,cyrusone,dc
324.8295990370917,0.09527625628966774,0.0021518825178107217,2025,L9,sitio,cyrusone,dc
319.39181718044,0.12527862690137884,0.0010713454144990202,2025,L9,sitio,cyrusone,dc
325.3890941832052,0.1034000809270385,-0.0025804628973122206,2025,L9,sitio,cyrusone,dc
312.5299950612392,0.2737256754912319,-0.05767382784868914,2025,L9,sitio,cyrusone,dc
322.457256193529,0.10285360551702365,-0.005722863389127743,2025,L9,sitio,cyrusone,dc
318.0635604928324,0.1017822085628062,-0.003706835917935867,2025,L9,sitio,cyrusone,dc
315.2884595241803,0.0954382564867021,-9.941218058663475E-4,2025,L9,sitio,cyrusone,dc
305.74311876758577,0.10276478449914203,-0.004661847895308301,2025,L9,sitio,cyrusone,dc
292.7237080354499,0.1119546574240456,-0.010845806585289055,2025,L9,sitio,cyrusone,dc
295.8012151882551,0.11359954873541035,-0.010310267675024793,2025,L9,sitio,cyrusone,dc
300.33169633182763,0.1080821378016503,-0.007802030220946657,2026,L9,sitio,cyrusone,dc
303.0755012420957,0.10087481353528252,-0.00445493674127122,2026,L9,sitio,cyrusone,dc
287.69271944699756,0.1427784020985775,-0.015591467467670428,2022,L9,outer,cyrusone,dc
293.6580412913025,0.15200877825681727,-0.013639373565643978,2022,L9,outer,cyrusone,dc
291.27484213219617,0.13304370035631016,-0.003983395095859336,2022,L9,outer,cyrusone,dc
299.1684487885457,0.13277841634815993,-0.0045826657693863815,2022,L9,outer,cyrusone,dc
299.6494095222071,0.12980972433889126,-0.004823187466785696,2022,L9,outer,cyrusone,dc
308.8309840513177,0.12605134359732226,-0.0012438382345193535,2022,L9,outer,cyrusone,dc
312.8141390174912,0.13723266684224955,-0.006012181206316435,2022,L9,outer,cyrusone,dc
314.5073579517717,0.12999676554392595,-0.0017553377443136578,2022,L9,outer,cyrusone,dc
315.33161563776366,0.12868982250331448,-0.0056314060387183855,2022,L9,outer,cyrusone,dc
322.6570465262634,0.12189580263254857,-7.493055533709447E-4,2022,L9,outer,cyrusone,dc
326.16955867725693,0.13995724530140857,-0.004016055808351637,2022,L9,outer,cyrusone,dc
321.004397542764,0.15200611175226222,-0.008962465663721914,2022,L9,outer,cyrusone,dc
318.30735622472633,0.15311522907836927,-0.01173836814585952,2022,L9,outer,cyrusone,dc
317.2804236805264,0.161830456345401,-0.023263864330068898,2022,L9,outer,cyrusone,dc
322.60059448237155,0.1610563546715681,-0.014826437040441835,2022,L9,outer,cyrusone,dc
315.42318339704855,0.14940405416238828,-0.010204775611335827,2022,L9,outer,cyrusone,dc
313.78754294606813,0.14289942917105505,-0.00384785934711377,2022,L9,outer,cyrusone,dc
305.8497802455226,0.14173089680030032,-0.009621515068723895,2022,L9,outer,cyrusone,dc
295.81839501351755,0.1538562133765043,-0.01584987176887611,2022,L9,outer,cyrusone,dc
288.43189301077086,0.1419936727891662,-0.01783523257207368,2022,L9,outer,cyrusone,dc
287.6953721637942,0.1390187370141257,-0.01637875231835319,2023,L9,outer,cyrusone,dc
293.4782030500384,0.1291517876033859,-0.007254120655803342,2023,L9,outer,cyrusone,dc
293.2259987655114,0.13872175848776302,-0.009854387644963008,2023,L9,outer,cyrusone,dc
303.54955917828823,0.13093609381338622,-0.013790484040166381,2023,L9,outer,cyrusone,dc
314.51053470425336,0.1338811968376406,-0.018869363327583388,2023,L9,outer,cyrusone,dc
316.9693786359204,0.12506507464803185,-0.005007634661953836,2023,L9,outer,cyrusone,dc
318.095834625933,0.12753048938992334,-0.006680881105828761,2023,L9,outer,cyrusone,dc
321.4549260733874,0.12965079782676484,-0.006241313981282353,2023,L9,outer,cyrusone,dc
323.1549060916051,0.1263478563611294,-0.006423383448378264,2023,L9,outer,cyrusone,dc
326.98703255561827,0.12932189943748124,-0.008688594702106532,2023,L9,outer,cyrusone,dc
327.48190764367956,0.13312710639718656,-0.01139662233561962,2023,L9,outer,cyrusone,dc
309.54294126543266,0.10638122902845251,-0.02934357195124366,2023,L9,outer,cyrusone,dc
303.09569302921665,0.18001064909372963,-0.04903092110304007,2023,L9,outer,cyrusone,dc
318.36040772505726,0.14463075106943835,-0.017658374571810333,2023,L9,outer,cyrusone,dc
317.3262431324601,0.12503580256609365,-0.01124520628029167,2023,L9,outer,cyrusone,dc
313.9227862505797,0.12048108194150418,-0.008342855399650649,2023,L9,outer,cyrusone,dc
312.9513461944624,0.12238289873809952,-0.005911474953473642,2023,L9,outer,cyrusone,dc
305.7304766736872,0.12409677647390117,-0.011287795002097293,2023,L9,outer,cyrusone,dc
298.21609733242667,0.13427421110524493,-0.017130648612787118,2023,L9,outer,cyrusone,dc
294.08032062399974,0.14083330650379144,-0.016337251688689186,2023,L9,outer,cyrusone,dc
285.4324489581421,0.13102042354455296,-0.018432312087423276,2024,L9,outer,cyrusone,dc
302.63936190294703,0.1276205313404095,-0.008744440417410904,2024,L9,outer,cyrusone,dc
308.14843938999644,0.12603769431579714,-0.007489486746349317,2024,L9,outer,cyrusone,dc
312.94968740461786,0.1288433485682813,-0.005431769928111949,2024,L9,outer,cyrusone,dc
317.9525041630282,0.11426882285743283,-0.009484192734964956,2024,L9,outer,cyrusone,dc
316.5982241639575,0.1259814515652658,-0.007830763722966275,2024,L9,outer,cyrusone,dc
324.92396580367364,0.11932672944673431,-1.431381726237822E-4,2024,L9,outer,cyrusone,dc
325.1777632448681,0.1180016804466675,-0.0037494259912597234,2024,L9,outer,cyrusone,dc
323.5768645935746,0.12365322723205135,-0.00708784820325171,2024,L9,outer,cyrusone,dc
325.65245297494863,0.1308655380440602,-0.005176429723422226,2024,L9,outer,cyrusone,dc
329.41219701945505,0.12850530620400513,-0.009609727538039493,2024,L9,outer,cyrusone,dc
321.3632188052262,0.13637384140273962,-0.015905262545332113,2024,L9,outer,cyrusone,dc
326.42312272569075,0.13294196581884082,-0.011454326690598229,2024,L9,outer,cyrusone,dc
311.75180976136,0.12850534272302463,-0.011832943220274129,2024,L9,outer,cyrusone,dc
318.1606287812592,0.12248620686895303,-0.0080013225066529,2024,L9,outer,cyrusone,dc
309.2059558139898,0.12219108676306457,-0.004663183983602057,2024,L9,outer,cyrusone,dc
296.61098308744977,0.12713661640865145,-0.011162983398641777,2024,L9,outer,cyrusone,dc
281.52135739365804,0.14031628092809528,-0.02601913477537438,2024,L9,outer,cyrusone,dc
292.0382945149651,0.13127885500582595,-0.01253872698668372,2024,L9,outer,cyrusone,dc
289.2143704352004,0.12464504054250651,-0.010608947303449112,2025,L9,outer,cyrusone,dc
291.39845384327907,0.11494168586924382,-0.02496221903948988,2025,L9,outer,cyrusone,dc
303.4150750464313,0.11437009813239872,-0.007338317991270047,2025,L9,outer,cyrusone,dc
288.7653981626857,0.1146048203900978,-0.03150982935518472,2025,L9,outer,cyrusone,dc
296.27968882106165,0.11541280804740722,-0.028281842397328734,2025,L9,outer,cyrusone,dc
310.21469137495615,0.11792371323741406,-0.009198762119920469,2025,L9,outer,cyrusone,dc
318.59000689757397,0.12266687475668821,-0.006168949195697263,2025,L9,outer,cyrusone,dc
319.1794473922847,0.12644270091409235,-0.006483393951686332,2025,L9,outer,cyrusone,dc
318.39152302204286,0.15097033779240407,-0.011658166669930501,2025,L9,outer,cyrusone,dc
325.4059265691668,0.13318111937410634,-0.012828502759925392,2025,L9,outer,cyrusone,dc
327.007304435978,0.13800581624637948,-0.010076600141618654,2025,L9,outer,cyrusone,dc
316.5680519924674,0.1469166202200199,-0.017871884058444285,2025,L9,outer,cyrusone,dc
331.38764125556384,0.14180751996038576,-0.01605306677212558,2025,L9,outer,cyrusone,dc
310.5281887117399,0.15841969713723225,-0.02405887894153678,2025,L9,outer,cyrusone,dc
317.6880526834242,0.14861699388208355,-0.019326871029163303,2025,L9,outer,cyrusone,dc
319.71795483915946,0.13217424204015357,-0.011984684437089718,2025,L9,outer,cyrusone,dc
307.31332460404633,0.13385661761401146,-0.013849417235559228,2025,L9,outer,cyrusone,dc
302.6455803512205,0.14739136684394238,-0.020115246183395295,2025,L9,outer,cyrusone,dc
295.82622491035886,0.15304270606914164,-0.01918461060999856,2025,L9,outer,cyrusone,dc
293.3500553021654,0.15276160324555524,-0.01843615010925306,2025,L9,outer,cyrusone,dc
292.23063234248445,0.15470777520166853,-0.026544159591293463,2026,L9,outer,cyrusone,dc
295.5318932831723,0.14562762893181147,-0.013800811870553514,2026,L9,outer,cyrusone,dc
297.4001681173594,0.1484048796819716,-0.015240155849411904,2026,L9,outer,cyrusone,dc
308.02541346946884,0.12820191482503399,-0.007877898014513095,2026,L9,outer,cyrusone,dc
293.09912661709666,0.140988034093374,-0.008231337051773695,2022,L9,outer,cyrusone,dc
292.8931146067825,0.13812073921418558,-0.007614323402725797,2022,L9,outer,cyrusone,dc
298.1291547336703,0.14662721395588094,-0.001987669254193655,2022,L9,outer,cyrusone,dc
294.8619575203585,0.1282460776340435,-0.013774873573070034,2022,L9,outer,cyrusone,dc
309.02555071361655,0.1323342987254233,-0.00436022076999894,2022,L9,outer,cyrusone,dc
315.07616245037485,0.12845395972285673,-0.0012520067518015454,2022,L9,outer,cyrusone,dc
317.9133352075833,0.13182070590575348,-0.0019331824761504468,2022,L9,outer,cyrusone,dc
323.5147990551845,0.1228986634069356,0.0024793924845576453,2022,L9,outer,cyrusone,dc
323.4935743884955,0.12836737855650288,4.1501323649643E-4,2022,L9,outer,cyrusone,dc
316.35478406287797,0.1582129934230961,-0.013431688624795723,2022,L9,outer,cyrusone,dc
318.59810852855827,0.15386722355462149,-0.012062574954290722,2022,L9,outer,cyrusone,dc
320.58346015343625,0.1513210085603051,-0.010243288986002604,2022,L9,outer,cyrusone,dc
321.15453293578935,0.15160214955460025,-0.010438732227981792,2022,L9,outer,cyrusone,dc
314.6524847762367,0.16413621334167572,-0.017857120567513967,2022,L9,outer,cyrusone,dc
322.5064245002015,0.1503003035244418,-0.007292098874062697,2022,L9,outer,cyrusone,dc
312.8170651985959,0.14818618305527784,-0.005940994961132,2022,L9,outer,cyrusone,dc
309.24306213960256,0.13881203682124585,-0.004897111309995641,2022,L9,outer,cyrusone,dc
302.41902250876433,0.14159501174395497,-0.008911375872183946,2022,L9,outer,cyrusone,dc
295.4326811176395,0.15512362933665777,-0.020230044551667364,2022,L9,outer,cyrusone,dc
294.60485165402434,0.14687612245064272,-0.013562034713532825,2022,L9,outer,cyrusone,dc
293.99277311432127,0.13701207676492141,-0.005783588926652926,2023,L9,outer,cyrusone,dc
291.4566427574603,0.13108384970914225,-0.008140460036444164,2023,L9,outer,cyrusone,dc
308.18113618289095,0.1285314412781834,-0.008264131988250236,2023,L9,outer,cyrusone,dc
312.3770501048426,0.125147838616784,-0.005172938609580019,2023,L9,outer,cyrusone,dc
312.8159478755001,0.12570612949976348,-0.0065795591663597676,2023,L9,outer,cyrusone,dc
322.0861597513039,0.12948653981106786,-0.0043805296946542545,2023,L9,outer,cyrusone,dc
322.7690009326455,0.12818993418371907,-0.002308939658638399,2023,L9,outer,cyrusone,dc
323.84287291101924,0.12474879595591348,-0.005295463305886995,2023,L9,outer,cyrusone,dc
326.3677177912731,0.12535952069396858,-0.0053301860963071,2023,L9,outer,cyrusone,dc
325.09986867965796,0.1399726213330229,-0.012485929800469066,2023,L9,outer,cyrusone,dc
322.25265237638195,0.12809473832304627,-0.009478322020151001,2023,L9,outer,cyrusone,dc
324.6236547668961,0.1393998324569526,-0.012242995920195269,2023,L9,outer,cyrusone,dc
317.72435084529656,0.12508910262381526,-0.006842341561077853,2023,L9,outer,cyrusone,dc
309.8243613914419,0.11908302812353211,-0.007115888015244903,2023,L9,outer,cyrusone,dc
307.8193944281052,0.1214601846885623,-0.007284881067538687,2023,L9,outer,cyrusone,dc
303.4585144799431,0.12937081613304893,-0.012063103066127602,2023,L9,outer,cyrusone,dc
295.9833798297107,0.14771214971273172,-0.015695182101252203,2023,L9,outer,cyrusone,dc
293.3865584581259,0.12585189553061027,-5.063047714094741E-4,2023,L9,outer,cyrusone,dc
290.0933346518198,0.13020160125448482,-0.015551619273417404,2023,L9,outer,cyrusone,dc
290.49162658897563,0.10820100109027472,-0.0012487579967141108,2024,L9,outer,cyrusone,dc
297.3661115658822,0.14750143688097533,-0.022572212020099684,2024,L9,outer,cyrusone,dc
296.77772873991074,0.1227370132141182,-0.010831336582245176,2024,L9,outer,cyrusone,dc
304.7271097626593,0.12349897691019346,-0.007809177336528942,2024,L9,outer,cyrusone,dc
304.52139798095584,0.13112965332732046,-0.012933954331260121,2024,L9,outer,cyrusone,dc
318.53190077148264,0.12867639858368327,-0.00705885751182301,2024,L9,outer,cyrusone,dc
317.3360765451038,0.12165830992294249,-0.004342860696485054,2024,L9,outer,cyrusone,dc
319.85441115510275,0.11856035003251142,-0.0026498569221054522,2024,L9,outer,cyrusone,dc
318.40103383378636,0.11904484082523555,-0.05713575728211596,2024,L9,outer,cyrusone,dc
322.661011537083,0.12739126367455358,-0.005465006803224197,2024,L9,outer,cyrusone,dc
326.9042860861557,0.12741811572921313,-0.003380980696256787,2024,L9,outer,cyrusone,dc
319.30807674417264,0.13771777192914333,-0.008534421463478782,2024,L9,outer,cyrusone,dc
317.0765292940555,0.15274053922652822,-0.04855700078104718,2024,L9,outer,cyrusone,dc
319.7132870890387,0.1305561573293281,-0.006332553857675234,2024,L9,outer,cyrusone,dc
321.28746384440046,0.12376214674015272,-0.007185521829282952,2024,L9,outer,cyrusone,dc
314.8121880873941,0.12510086359623082,-0.005255595934837113,2024,L9,outer,cyrusone,dc
301.8479392162201,0.12369042318814404,-0.007564834284642413,2024,L9,outer,cyrusone,dc
298.9793864749664,0.12813133266675472,-0.009973775211451095,2024,L9,outer,cyrusone,dc
297.11500884954063,0.1330039857910235,-0.012421572938584082,2024,L9,outer,cyrusone,dc
284.4192200873573,0.1313353721104366,-0.028850925870409192,2024,L9,outer,cyrusone,dc
293.1177229845664,0.11722187282912729,-0.0014942655608577691,2025,L9,outer,cyrusone,dc
291.1075232556845,0.1261181630732541,-0.008689516105939835,2025,L9,outer,cyrusone,dc
296.3999952659098,0.11793239900296767,-0.012203569421404449,2025,L9,outer,cyrusone,dc
300.005357001784,0.11348532524786824,-0.005973986115964328,2025,L9,outer,cyrusone,dc
309.85315542467134,0.11144625182250809,-0.0033711681642811793,2025,L9,outer,cyrusone,dc
313.77816962754054,0.11697170448821377,-0.003784536823587605,2025,L9,outer,cyrusone,dc
316.40778635083404,0.11463064438580958,-0.004194111734774671,2025,L9,outer,cyrusone,dc
318.9337150694724,0.1224074951316803,-0.0049316349371543305,2025,L9,outer,cyrusone,dc
323.1832806868781,0.12760715505530887,-0.008001752180851708,2025,L9,outer,cyrusone,dc
327.0421664434984,0.14319481920744315,-0.01080764114336579,2025,L9,outer,cyrusone,dc
324.2348429990378,0.12960673107501586,-0.009941625445533751,2025,L9,outer,cyrusone,dc
318.4520398786152,0.1500555196936461,-0.009138034108073744,2025,L9,outer,cyrusone,dc
324.7241989784523,0.13876101355082548,-0.013100685148010684,2025,L9,outer,cyrusone,dc
312.25863621682714,0.08935635973484929,-0.058153877342496996,2025,L9,outer,cyrusone,dc
322.052871915713,0.1422618469854128,-0.016339114279504637,2025,L9,outer,cyrusone,dc
317.45844687522685,0.13790832193729416,-0.014471407754116428,2025,L9,outer,cyrusone,dc
314.69737459997657,0.12977875145802104,-0.009403582807944982,2025,L9,outer,cyrusone,dc
305.35756882338865,0.14161042126505122,-0.013938720139335505,2025,L9,outer,cyrusone,dc
292.5798333028484,0.15471894778212372,-0.01909358180945762,2025,L9,outer,cyrusone,dc
295.67142288564645,0.15003078575169454,-0.016714821066065855,2025,L9,outer,cyrusone,dc
300.0965994379419,0.1359554349031719,-0.012064123906696344,2026,L9,outer,cyrusone,dc
302.84981730625316,0.1306954186989713,-0.009178604970947368,2026,L9,outer,cyrusone,dc
288.20264550617816,0.7406178520080401,-0.23506625654955673,2020,L8,sitio,area_verde,green
289.435440070598,0.7193169204897109,-0.22531165051941132,2020,L8,sitio,area_verde,green
292.6137582847608,0.5044574960746145,-0.07818098713399212,2020,L8,sitio,area_verde,green
318.85957369205545,0.4236574480116654,-0.0324090961167514,2020,L8,sitio,area_verde,green
309.5285491317147,0.7082211454061593,-0.2214013811687115,2020,L8,sitio,area_verde,green
325.7679482679829,0.35961249771659065,9.836984450188246E-4,2020,L8,sitio,area_verde,green
324.76790799457325,0.39874455228077793,-0.008180318621625743,2020,L8,sitio,area_verde,green
312.9489580196498,0.5793324265896171,-0.1352088556818607,2020,L8,sitio,area_verde,green
326.4810033508337,0.29197676128001915,0.03063146093819966,2020,L8,sitio,area_verde,green
316.3939895194847,0.5174660664495015,-0.09453962970774026,2020,L8,sitio,area_verde,green
330.625254076075,0.16799415695486758,0.052336647368981894,2020,L8,sitio,area_verde,green
319.7633085544979,0.14361750816453392,0.0470475117176912,2020,L8,sitio,area_verde,green
324.5517739040591,0.16117015119053937,0.06068302909013031,2020,L8,sitio,area_verde,green
320.9890557877415,0.13946385283486712,0.05789664662297137,2020,L8,sitio,area_verde,green
315.9109075923334,0.1463070192861542,0.06085026152931925,2020,L8,sitio,area_verde,green
283.36728323742364,0.4158665363166475,-0.10805220713468476,2020,L8,sitio,area_verde,green
291.56393489003403,0.6646950215916795,-0.193029880663205,2020,L8,sitio,area_verde,green
287.8001776470161,0.7406496398591441,-0.248414373958993,2020,L8,sitio,area_verde,green
287.6774677258951,0.7539222608177755,-0.26483413645590154,2021,L8,sitio,area_verde,green
278.3089106001929,0.6259735316259196,-0.21030599869497527,2021,L8,sitio,area_verde,green
295.736709782872,0.6083065769048003,-0.14640965808305656,2021,L8,sitio,area_verde,green
290.03461648611164,0.7994330255097866,-0.28989307161344274,2021,L8,sitio,area_verde,green
298.8040916650649,0.7261962913458527,-0.2470488399142547,2021,L8,sitio,area_verde,green
305.81458523081994,0.5186926794822491,-0.09391588185515724,2021,L8,sitio,area_verde,green
309.7425182543579,0.7480175960841994,-0.23935293465421442,2021,L8,sitio,area_verde,green
316.59251622951524,0.30207218891836846,0.01581837701297288,2021,L8,sitio,area_verde,green
312.22468254218205,0.7645821917805512,-0.266617194309513,2021,L8,sitio,area_verde,green
329.22983610680205,0.37064394375545723,0.02979978018932928,2021,L8,sitio,area_verde,green
315.50322920271236,0.752824491521322,-0.25851838997949234,2021,L8,sitio,area_verde,green
308.9543315144484,0.6318571074597142,-0.13940676345506017,2021,L8,sitio,area_verde,green
311.1311972442523,0.7575325490865239,-0.26473335556403815,2021,L8,sitio,area_verde,green
309.6872470915121,0.6693520402757572,-0.1519807997751026,2021,L8,sitio,area_verde,green
303.63119122653904,0.7747505924322238,-0.254180432070803,2021,L8,sitio,area_verde,green
288.91263418428855,0.8174827162667776,-0.26812555985582676,2021,L8,sitio,area_verde,green
289.7839447205728,0.8223972412755952,-0.2759246289258641,2021,L8,sitio,area_verde,green
287.62630591437556,0.7646368017956379,-0.24899231132513208,2022,L8,sitio,area_verde,green
289.3136771149483,0.7718915457429331,-0.24378315971673759,2022,L8,sitio,area_verde,green
297.2626582580515,0.6552235063648654,-0.1797189226468729,2022,L8,sitio,area_verde,green
300.32094987522663,0.7835397238524661,-0.26907941146472053,2022,L8,sitio,area_verde,green
307.4127491301838,0.5159188501945795,-0.08882139901643686,2022,L8,sitio,area_verde,green
307.1308566224586,0.7606111320222227,-0.2613136251692466,2022,L8,sitio,area_verde,green
304.3590836550058,0.5258067126587741,-0.12353654920269719,2022,L8,sitio,area_verde,green
310.76284901537065,0.7783654492629914,-0.2799769596531392,2022,L8,sitio,area_verde,green
312.82363689559145,0.7048394440150337,-0.20982489996732417,2022,L8,sitio,area_verde,green
313.0990674291904,0.7803816182541115,-0.29315617657440735,2022,L8,sitio,area_verde,green
314.5804346778069,0.6768060228518392,-0.18592782800421997,2022,L8,sitio,area_verde,green
305.2630189094767,0.35693044973404475,-0.0811450656135656,2022,L8,sitio,area_verde,green
310.06369538629247,0.7567664297244929,-0.2553129343380992,2022,L8,sitio,area_verde,green
316.20198499251455,0.45409559580322967,-0.03636059661779395,2022,L8,sitio,area_verde,green
311.91561708810394,0.6378511671319109,-0.1208853873527084,2022,L8,sitio,area_verde,green
310.1448561581138,0.5004722793551822,-0.048787200940885116,2022,L8,sitio,area_verde,green
298.900761487231,0.721458322028225,-0.18797825637310692,2022,L8,sitio,area_verde,green
291.22913414195943,0.7818336330464138,-0.25638666113503367,2022,L8,sitio,area_verde,green
294.8355296519753,0.45309402923065883,-0.03083958163986649,2022,L8,sitio,area_verde,green
287.04590280898213,0.7213034849182997,-0.1893537365699379,2022,L8,sitio,area_verde,green
289.64095261879106,0.809490336123452,-0.2750637404877382,2023,L8,sitio,area_verde,green
287.84615051317235,0.5937562931605573,-0.12536695898451697,2023,L8,sitio,area_verde,green
290.45891662686057,0.7614093541113067,-0.23734252692155172,2023,L8,sitio,area_verde,green
298.0728160217248,0.5941944309303266,-0.13019934839088004,2023,L8,sitio,area_verde,green
311.7748155197253,0.4355839849511382,-0.005217737782625555,2023,L8,sitio,area_verde,green
306.6952922214539,0.7312729552386971,-0.22784545979310547,2023,L8,sitio,area_verde,green
314.9158469493507,0.5908363555028293,-0.11722563038046957,2023,L8,sitio,area_verde,green
321.6629451504849,0.3495738623429785,0.024837694815463336,2023,L8,sitio,area_verde,green
310.3181218929313,0.7249584007196096,-0.2242529769869157,2023,L8,sitio,area_verde,green
323.871254668327,0.32553139935199227,-0.007603455671382135,2023,L8,sitio,area_verde,green
319.39914220078526,0.6852226145101199,-0.19954782909587215,2023,L8,sitio,area_verde,green
322.6506749029659,0.2513719095002869,0.03381556154555534,2023,L8,sitio,area_verde,green
315.9105416627394,0.47803293418094134,-0.06721225551356814,2023,L8,sitio,area_verde,green
314.21742477168397,0.6825055563085161,-0.19176934384632924,2023,L8,sitio,area_verde,green
311.61453429536255,0.5776872894065533,-0.10061903229161337,2023,L8,sitio,area_verde,green
302.60152864909196,0.734627165701153,-0.2293674393650127,2023,L8,sitio,area_verde,green
300.6497963665159,0.601725518302746,-0.14229438538616096,2023,L8,sitio,area_verde,green
298.9981856929505,0.7577819802309237,-0.23453457885473755,2023,L8,sitio,area_verde,green
290.7195168587844,0.7436969581545709,-0.2418511852767777,2023,L8,sitio,area_verde,green
284.79338697982115,0.32088302938110236,-0.054994148737071154,2023,L8,sitio,area_verde,green
293.7322549275994,0.7954924208959286,-0.26731040611536316,2024,L8,sitio,area_verde,green
301.6180493054227,0.5619003685541202,-0.10145171909042133,2024,L8,sitio,area_verde,green
300.80665520407,0.7334138747920659,-0.21394751793130948,2024,L8,sitio,area_verde,green
303.84398151235695,0.4454942464321369,-0.002616242043283724,2024,L8,sitio,area_verde,green
310.34167619460186,0.7096409239883158,-0.2090914771115617,2024,L8,sitio,area_verde,green
317.1387094038456,0.428992079440893,-0.027383514234423135,2024,L8,sitio,area_verde,green
310.7632489086836,0.30325694133575,-0.04832692252075079,2024,L8,sitio,area_verde,green
314.7071569594534,0.6269740537432019,-0.1680578698197613,2024,L8,sitio,area_verde,green
295.0674319181365,0.5381811926721867,-0.18659964389404293,2024,L8,sitio,area_verde,green
325.01690297091847,0.37068365174569273,-0.02645367624477343,2024,L8,sitio,area_verde,green
313.29483971837294,0.5245829066032405,-0.12467918748945915,2024,L8,sitio,area_verde,green
317.5328177631966,0.5438949058463046,-0.10700735071326263,2024,L8,sitio,area_verde,green
313.50417388476643,0.5751634918563588,-0.11849191851031365,2024,L8,sitio,area_verde,green
312.40160321682237,0.731165874753751,-0.24026031111614432,2024,L8,sitio,area_verde,green
308.6316912594848,0.6142618659288318,-0.12420957614516472,2024,L8,sitio,area_verde,green
297.8801905514645,0.7303373538355136,-0.21885696978472946,2024,L8,sitio,area_verde,green
295.2866381314643,0.6342592594696748,-0.16777268175874901,2024,L8,sitio,area_verde,green
291.70812001504123,0.7227469797832213,-0.21769820459213274,2024,L8,sitio,area_verde,green
287.8154686741844,0.38091103653041714,-0.045448847565713255,2025,L8,sitio,area_verde,green
291.31650847976005,0.5316655552083067,-0.1025878295725208,2025,L8,sitio,area_verde,green
299.9040163113338,0.5521160582510245,-0.11650365647631243,2025,L8,sitio,area_verde,green
298.1459201999288,0.6184404934494023,-0.15796279372821362,2025,L8,sitio,area_verde,green
290.66232617107175,0.4370690926837594,-0.06993867683985716,2025,L8,sitio,area_verde,green
312.1860186041765,0.45007901027412545,-0.03223702044863547,2025,L8,sitio,area_verde,green
308.06832233292715,0.7315228464553146,-0.23917275316039255,2025,L8,sitio,area_verde,green
315.30475957104085,0.42940253510699555,-0.036394206206940775,2025,L8,sitio,area_verde,green
305.5215319485584,0.6704645494068604,-0.22143753891966736,2025,L8,sitio,area_verde,green
313.3638785623066,0.7261301112020788,-0.25276820257871796,2025,L8,sitio,area_verde,green
317.54536108778586,0.6129780677833286,-0.14733578487048224,2025,L8,sitio,area_verde,green
325.2018848333256,0.3310028923759577,0.028496816140263198,2025,L8,sitio,area_verde,green
315.6057258650276,0.619746867203311,-0.14556040928727257,2025,L8,sitio,area_verde,green
312.93109442845315,0.3051110220508956,-0.007722780551457798,2025,L8,sitio,area_verde,green
316.55510554352253,0.6003218918161596,-0.1416497229682903,2025,L8,sitio,area_verde,green
314.3012554438703,0.3701824579921285,-0.01592333303308541,2025,L8,sitio,area_verde,green
310.0262979954614,0.625114647888595,-0.13692600756876705,2025,L8,sitio,area_verde,green
300.55009331096255,0.7124891146335662,-0.21218924784593843,2025,L8,sitio,area_verde,green
289.16240630681267,0.7393547417253179,-0.22494017003140285,2025,L8,sitio,area_verde,green
297.2596327400123,0.42255666058494407,-0.029107495894665162,2025,L8,sitio,area_verde,green
287.854711095664,0.7097921987424991,-0.21413811724770002,2020,L8,sitio,area_verde,green
293.83768117864076,0.6048699097135968,-0.1292363643623054,2020,L8,sitio,area_verde,green
295.91220907820383,0.7088734875159239,-0.19809294485500886,2020,L8,sitio,area_verde,green
292.4663992510104,0.6654123172208141,-0.1627521279072443,2020,L8,sitio,area_verde,green
309.91327909434034,0.4267863719844435,-0.025827760091905523,2020,L8,sitio,area_verde,green
313.97801263114604,0.5634278870162288,-0.10804614403590034,2020,L8,sitio,area_verde,green
306.99826254091215,0.7497827618640203,-0.26104245034019274,2020,L8,sitio,area_verde,green
327.579616660293,0.35931830606213017,-0.0017682731374799496,2020,L8,sitio,area_verde,green
316.61759866150487,0.7106228863845959,-0.21646526545162054,2020,L8,sitio,area_verde,green
306.99277530107577,0.36975107482610414,-0.0443005121655769,2020,L8,sitio,area_verde,green
325.5799837545388,0.33450752080514534,0.02729180514313372,2020,L8,sitio,area_verde,green
329.74945539049935,0.15684023053668728,0.04950552115566929,2020,L8,sitio,area_verde,green
320.7740492625008,0.13840998604239732,0.05139999153466492,2020,L8,sitio,area_verde,green
324.8220905477954,0.14711062596503424,0.061436540526036566,2020,L8,sitio,area_verde,green
318.39646468179984,0.14111028131377637,0.05932798745740973,2020,L8,sitio,area_verde,green
295.0629920006059,0.15230535797400074,0.0484415888374223,2020,L8,sitio,area_verde,green
292.1717726526826,0.5914004283747185,-0.14975977095710752,2020,L8,sitio,area_verde,green
287.3609103008873,0.727560528500729,-0.2261946931165723,2020,L8,sitio,area_verde,green
285.79430418607683,0.7699322122913135,-0.2623030103808162,2020,L8,sitio,area_verde,green
291.79656170746534,0.781345669816261,-0.27507665022344,2021,L8,sitio,area_verde,green
289.86227781426123,0.8141352655346361,-0.30645727228818587,2021,L8,sitio,area_verde,green
296.3671323633259,0.5824099781267712,-0.10150753272415441,2021,L8,sitio,area_verde,green
296.018941739569,0.7089881163551036,-0.21844761664212725,2021,L8,sitio,area_verde,green
301.9375604531645,0.7927408143634423,-0.2713646738735597,2021,L8,sitio,area_verde,green
313.99235379997737,0.4696616220265473,-0.020568045765607987,2021,L8,sitio,area_verde,green
306.63941661133595,0.6377281949225851,-0.1620390908399894,2021,L8,sitio,area_verde,green
311.0124295154028,0.775887146773171,-0.25797058693743075,2021,L8,sitio,area_verde,green
310.89947878282766,0.6640085918717752,-0.1766165399752362,2021,L8,sitio,area_verde,green
305.50888063555345,0.7663528433769827,-0.29222544849105114,2021,L8,sitio,area_verde,green
314.6210650225492,0.571961995652547,-0.12954237682571326,2021,L8,sitio,area_verde,green
306.8709988317976,0.7102080319332571,-0.1961833352263798,2021,L8,sitio,area_verde,green
310.6658878400399,0.2533012030919771,0.052771821535555014,2021,L8,sitio,area_verde,green
316.0376620585353,0.7406656311240867,-0.2282757869003678,2021,L8,sitio,area_verde,green
325.35974203337395,0.28224165673559837,0.04869760938595047,2021,L8,sitio,area_verde,green
303.3804546741204,0.7468305267355765,-0.22110780114334053,2021,L8,sitio,area_verde,green
299.45156165156,0.7747045852625355,-0.2565850536632252,2021,L8,sitio,area_verde,green
302.4978531501232,0.7275629022928563,-0.19214774082267094,2021,L8,sitio,area_verde,green
303.1274288143343,0.44158426913579635,0.002755365579154944,2021,L8,sitio,area_verde,green
286.0523141058649,0.7837825087525309,-0.26593544640682104,2021,L8,sitio,area_verde,green
284.33480240097737,0.8070153748587912,-0.264224747996745,2022,L8,sitio,area_verde,green
290.8745792222781,0.7737372122693775,-0.251613864525953,2022,L8,sitio,area_verde,green
288.27757091245047,0.7430661255107884,-0.21960329546512336,2022,L8,sitio,area_verde,green
296.069619221759,0.6635602308677817,-0.18297233295688797,2022,L8,sitio,area_verde,green
295.43036928175263,0.697306359626259,-0.17709974963995748,2022,L8,sitio,area_verde,green
303.77929796533147,0.547652474587676,-0.046336100622339546,2022,L8,sitio,area_verde,green
306.69125088621917,0.7442233298185065,-0.21646407396767078,2022,L8,sitio,area_verde,green
314.46581323244516,0.4200183439330752,0.006238203083782918,2022,L8,sitio,area_verde,green
307.7973450382322,0.768094298195302,-0.24734870906124398,2022,L8,sitio,area_verde,green
326.01506838814794,0.3805953470368553,-0.005793724352407042,2022,L8,sitio,area_verde,green
318.72289875817694,0.7764574240094864,-0.265861788262314,2022,L8,sitio,area_verde,green
315.80240868834306,0.35373368510549424,-0.005115413061367593,2022,L8,sitio,area_verde,green
329.55325471500265,0.35899248155275865,0.028640654425339494,2022,L8,sitio,area_verde,green
318.50094131341615,0.5933975420270765,-0.10516793352114498,2022,L8,sitio,area_verde,green
317.6949587853308,0.2853943994384067,0.04084513895941815,2022,L8,sitio,area_verde,green
307.3751256879645,0.7162473200866154,-0.18633405232747097,2022,L8,sitio,area_verde,green
302.0727946277398,0.5191533780101726,-0.05823929266895807,2022,L8,sitio,area_verde,green
290.9867542991066,0.765578900596418,-0.25047337279086396,2022,L8,sitio,area_verde,green
285.72343816417634,0.8058320459756942,-0.2726255065404973,2023,L8,sitio,area_verde,green
295.5833204472079,0.5012962155408037,-0.05145236216234761,2023,L8,sitio,area_verde,green
284.68166034244155,0.6518933821656974,-0.19256517499561235,2023,L8,sitio,area_verde,green
284.9942497089818,0.5308709818300389,-0.18266705449597576,2023,L8,sitio,area_verde,green
303.8610609022825,0.4623588341907085,-0.03857681994814784,2023,L8,sitio,area_verde,green
307.86953104219526,0.715771151544359,-0.20058965117178884,2023,L8,sitio,area_verde,green
315.1554739988097,0.46256393852904326,-0.05704935407877438,2023,L8,sitio,area_verde,green
320.22487005115886,0.3960006998027985,0.007650327874508002,2023,L8,sitio,area_verde,green
309.57659108583465,0.7544335057656459,-0.23135285870099664,2023,L8,sitio,area_verde,green
318.05171988612585,0.4883021968642248,-0.08881388917822904,2023,L8,sitio,area_verde,green
314.2306661005028,0.7683088050083009,-0.2671712319201436,2023,L8,sitio,area_verde,green
312.07150519368656,0.7157842363013963,-0.23841868359742763,2023,L8,sitio,area_verde,green
324.1521665973119,0.4325994810240513,-0.0428472029431889,2023,L8,sitio,area_verde,green
305.38206664791454,0.6358301763251778,-0.15137406690696067,2023,L8,sitio,area_verde,green
320.2333993332998,0.36853579630727745,0.017299788340188135,2023,L8,sitio,area_verde,green
305.6548800807872,0.7022691921464989,-0.18448731370489965,2023,L8,sitio,area_verde,green
315.1052063275091,0.3989699306872762,0.004578001715929619,2023,L8,sitio,area_verde,green
300.05473780593564,0.7096697784294195,-0.19266832317999383,2023,L8,sitio,area_verde,green
295.07999720381235,0.771402733910111,-0.2389361049596534,2023,L8,sitio,area_verde,green
293.35454165113725,0.7648041463765083,-0.2439315668438189,2023,L8,sitio,area_verde,green
283.7619405450443,0.6374372952284754,-0.13432676929665557,2024,L8,sitio,area_verde,green
286.4475572011633,0.7944286272816525,-0.274174949119714,2024,L8,sitio,area_verde,green
299.15875196363567,0.6670089417438251,-0.15732903716544014,2024,L8,sitio,area_verde,green
288.8127365010063,0.5648348301049184,-0.18892456773011834,2024,L8,sitio,area_verde,green
312.60920396379146,0.47626903820998207,-0.045960423961084886,2024,L8,sitio,area_verde,green
306.95710546871095,0.7658411664735649,-0.2548150182542845,2024,L8,sitio,area_verde,green
310.98557599938846,0.6910673602873387,-0.18669522614671025,2024,L8,sitio,area_verde,green
327.1282514912185,0.3548195143656894,0.03040197301778135,2024,L8,sitio,area_verde,green
315.2378285365996,0.7468870148991977,-0.2372961056426274,2024,L8,sitio,area_verde,green
321.0067093649723,0.3558939082793836,0.028806755102377884,2024,L8,sitio,area_verde,green
321.173153137367,0.4053798579762327,-0.04450484855051274,2024,L8,sitio,area_verde,green
330.01661358398337,0.31276752704896793,0.0166897784616728,2024,L8,sitio,area_verde,green
312.86092640758653,0.7137298390166058,-0.20730670827455208,2024,L8,sitio,area_verde,green
325.82630858071917,0.35481562221647367,0.014749933235517935,2024,L8,sitio,area_verde,green
307.43017455092365,0.7063563205402423,-0.20111150093162652,2024,L8,sitio,area_verde,green
320.2610946040038,0.37289777344733405,0.01594152975557056,2024,L8,sitio,area_verde,green
303.5605535087131,0.7105767672965622,-0.1882270496709441,2024,L8,sitio,area_verde,green
292.09044271903855,0.7465824540462497,-0.23225452914604847,2024,L8,sitio,area_verde,green
299.2779211134255,0.48640603910799013,-0.05218720666762166,2024,L8,sitio,area_verde,green
292.0080548816926,0.7128337776687989,-0.20247038254769878,2024,L8,sitio,area_verde,green
294.59851906822706,0.40777031790963963,-0.00862911687425672,2024,L8,sitio,area_verde,green
291.3885093062213,0.5090098820454916,-0.07308568598088287,2025,L8,sitio,area_verde,green
295.9743306690549,0.475183206259743,-0.061654062484640455,2025,L8,sitio,area_verde,green
293.35316708919066,0.5347054012036407,-0.1309786384794519,2025,L8,sitio,area_verde,green
298.28268937874697,0.6431388918150094,-0.15692168736403944,2025,L8,sitio,area_verde,green
292.68810620007565,0.7000956575815456,-0.2057324853831466,2025,L8,sitio,area_verde,green
295.2720765144699,0.5922203868712667,-0.15940302126124478,2025,L8,sitio,area_verde,green
306.97325950052715,0.7652396282693023,-0.2615333375114065,2025,L8,sitio,area_verde,green
310.6032831791695,0.6751852088499859,-0.18594425102840084,2025,L8,sitio,area_verde,green
316.85364689920146,0.39433325207185904,0.008329872013208556,2025,L8,sitio,area_verde,green
307.91096873053084,0.7106899277656424,-0.21201584532171364,2025,L8,sitio,area_verde,green
329.32483763278964,0.3396296645027934,0.036321942518971875,2025,L8,sitio,area_verde,green
315.9556699425383,0.7178759668510432,-0.22385388426456587,2025,L8,sitio,area_verde,green
320.7335292207424,0.6854634431177566,-0.20213430309014271,2025,L8,sitio,area_verde,green
320.78697770716616,0.3722044554224662,-0.03984628712114903,2025,L8,sitio,area_verde,green
310.0714273027269,0.6602738704493901,-0.18190748003120383,2025,L8,sitio,area_verde,green
315.0759066356323,0.39641543384455025,-0.04639969672670376,2025,L8,sitio,area_verde,green
301.4059653302888,0.7192537188245456,-0.21408528603895227,2025,L8,sitio,area_verde,green
303.4034579802718,0.5592904119799094,-0.08881602306240684,2025,L8,sitio,area_verde,green
292.6864028004739,0.7370991606550623,-0.21889316588614197,2025,L8,sitio,area_verde,green
289.06569789059375,0.561486995837189,-0.15296480322749906,2020,L8,outer,area_verde,green
290.0698281772582,0.5794835076231278,-0.15657765267944335,2020,L8,outer,area_verde,green
293.37850795677866,0.4184366990601053,-0.05537741343102915,2020,L8,outer,area_verde,green
320.19415658474253,0.34317345325102716,-0.01225236674470894,2020,L8,outer,area_verde,green
313.0560532824206,0.5275074521148725,-0.13724197643115776,2020,L8,outer,area_verde,green
326.65865374632733,0.30235246620056555,0.004349799291195289,2020,L8,outer,area_verde,green
325.8103630053393,0.32789646182609716,6.380208164661885E-4,2020,L8,outer,area_verde,green
315.5706039711831,0.44443031204124867,-0.08403882417071616,2020,L8,outer,area_verde,green
326.85986422175307,0.26135623772699523,0.02295898017061935,2020,L8,outer,area_verde,green
318.9702548337204,0.4132874106627053,-0.060325846134924865,2020,L8,outer,area_verde,green
330.14501645319143,0.17543900118841274,0.03866481991974484,2020,L8,outer,area_verde,green
319.2204400018227,0.1639238056233769,0.03571045061391517,2020,L8,outer,area_verde,green
323.9746357603672,0.1677215167011993,0.046127783854447345,2020,L8,outer,area_verde,green
320.0920479464568,0.15474595965438517,0.04563772534830094,2020,L8,outer,area_verde,green
315.0448619191961,0.16006615813980116,0.04431955182649265,2020,L8,outer,area_verde,green
285.54737936179885,0.3101876289234679,-0.06154495391209439,2020,L8,outer,area_verde,green
292.798207416776,0.49720403637429883,-0.12178448721846742,2020,L8,outer,area_verde,green
288.8744006216576,0.5481202922140698,-0.15809936609845776,2020,L8,outer,area_verde,green
288.8305918705826,0.5568978957506872,-0.16997637744095995,2021,L8,outer,area_verde,green
279.1535266802462,0.4987664452934205,-0.15498568883822647,2021,L8,outer,area_verde,green
297.02734418570003,0.44524778817361194,-0.08317889924394392,2021,L8,outer,area_verde,green
291.6508290046919,0.589571505396127,-0.18517554098170058,2021,L8,outer,area_verde,green
301.7400926171763,0.5334105244717975,-0.15935319639530576,2021,L8,outer,area_verde,green
308.295745715732,0.4168639372443731,-0.06591676997269905,2021,L8,outer,area_verde,green
313.73238156540634,0.5448953005552255,-0.14605311612995903,2021,L8,outer,area_verde,green
317.70882090403114,0.2539684787281855,0.019498390202587732,2021,L8,outer,area_verde,green
316.87212277455154,0.5519692660805143,-0.1633490015313179,2021,L8,outer,area_verde,green
330.30753671756685,0.2992799590710045,0.027943376909165707,2021,L8,outer,area_verde,green
319.19625041385103,0.5490361377092671,-0.16121310188237098,2021,L8,outer,area_verde,green
310.8686676680921,0.5057474088575445,-0.10628911672239541,2021,L8,outer,area_verde,green
313.70605453610375,0.5869684442959251,-0.1864708149018555,2021,L8,outer,area_verde,green
312.32165573260056,0.5027730423082162,-0.09983042953074525,2021,L8,outer,area_verde,green
306.16267076635495,0.5695335214852334,-0.1628897150717508,2021,L8,outer,area_verde,green
290.0257089136918,0.6104995096505718,-0.17885286904755676,2021,L8,outer,area_verde,green
290.54863351611624,0.6117440610869906,-0.18201704817581385,2021,L8,outer,area_verde,green
288.64652711867257,0.563469892395445,-0.1564182819498186,2022,L8,outer,area_verde,green
290.6016986793679,0.570696666599445,-0.1524675927986161,2022,L8,outer,area_verde,green
298.4760237988518,0.4995861111419416,-0.11075638173134773,2022,L8,outer,area_verde,green
303.39613302238774,0.5765214112247564,-0.1656594522607349,2022,L8,outer,area_verde,green
308.8936929532115,0.39342653249369847,-0.04612509304681444,2022,L8,outer,area_verde,green
311.11270211883226,0.5566550873841136,-0.16030505378532672,2022,L8,outer,area_verde,green
307.17003168758947,0.3941547315122064,-0.07390467033865983,2022,L8,outer,area_verde,green
315.54224098566795,0.5610747873184436,-0.17168137780151263,2022,L8,outer,area_verde,green
317.3573185907046,0.508308856899614,-0.12338619464296677,2022,L8,outer,area_verde,green
317.9675275034946,0.5631312818556292,-0.1789344289871887,2022,L8,outer,area_verde,green
318.1462154733415,0.4923731548547303,-0.11022345927139977,2022,L8,outer,area_verde,green
307.4173671417537,0.28077118867303896,-0.05356660850497089,2022,L8,outer,area_verde,green
313.43423983623353,0.5406167616840725,-0.1575056322137079,2022,L8,outer,area_verde,green
317.0058050547949,0.35987026216188506,-0.02150291001804616,2022,L8,outer,area_verde,green
314.28550683165395,0.4710663340590518,-0.07473721398799078,2022,L8,outer,area_verde,green
311.0159431952571,0.38046886933885243,-0.02788286848639782,2022,L8,outer,area_verde,green
300.71142207930006,0.5182961964898687,-0.11387535982849134,2022,L8,outer,area_verde,green
292.54143003984154,0.5643891402758341,-0.1605883220532189,2022,L8,outer,area_verde,green
294.5942175395639,0.3542113522360285,-0.019111825839315914,2022,L8,outer,area_verde,green
287.4107296170197,0.5413798190308281,-0.12361825943423775,2022,L8,outer,area_verde,green
290.00316730536787,0.6429863111645416,-0.19461802984167356,2023,L8,outer,area_verde,green
288.017523772347,0.4805690640236298,-0.091453311278335,2023,L8,outer,area_verde,green
291.34230409043374,0.5872133756902432,-0.16553896578763663,2023,L8,outer,area_verde,green
299.02808645901854,0.44791188976149515,-0.08458509077760323,2023,L8,outer,area_verde,green
312.10694305644466,0.3426113677414638,-0.0012452343515781577,2023,L8,outer,area_verde,green
310.1331482619199,0.5308099415827469,-0.140013828236416,2023,L8,outer,area_verde,green
318.17170847791203,0.4369441306394803,-0.06725339550054506,2023,L8,outer,area_verde,green
321.876923715436,0.2842573066458084,0.020911855689509148,2023,L8,outer,area_verde,green
314.86502042610715,0.5165535635809683,-0.13488543521382873,2023,L8,outer,area_verde,green
324.9345693548369,0.2652625954630895,-1.0192098209051944E-4,2023,L8,outer,area_verde,green
323.37379803170137,0.4891695948368918,-0.11872327297591444,2023,L8,outer,area_verde,green
322.58061529959764,0.2294242692183991,0.02324567578424846,2023,L8,outer,area_verde,green
318.25329617095457,0.3632215705324634,-0.03730761970954319,2023,L8,outer,area_verde,green
317.6215682505273,0.4911691053459868,-0.11492015370601034,2023,L8,outer,area_verde,green
314.095997624839,0.4217974106040369,-0.05637994664142042,2023,L8,outer,area_verde,green
305.33393894664016,0.5216223259476463,-0.13908895936739848,2023,L8,outer,area_verde,green
302.47023540426335,0.4340935202115346,-0.08246780276081034,2023,L8,outer,area_verde,green
300.7705117875414,0.544397913265689,-0.14503592909174856,2023,L8,outer,area_verde,green
292.1257642338069,0.5403984873613786,-0.15003276713326555,2023,L8,outer,area_verde,green
284.4772835301441,0.26067698987949556,-0.045021714103818535,2023,L8,outer,area_verde,green
294.9758544287469,0.5983555501250047,-0.1747741214864172,2024,L8,outer,area_verde,green
302.3400396138571,0.4390875392132537,-0.0657022282593863,2024,L8,outer,area_verde,green
303.10729001757625,0.5439257896025054,-0.13397230720907355,2024,L8,outer,area_verde,green
304.03603683144775,0.3644407499786891,-0.001221233531388779,2024,L8,outer,area_verde,green
313.717638568755,0.5116677155388684,-0.12454338442731808,2024,L8,outer,area_verde,green
318.12891964837087,0.3329433542098586,-0.010071948306342319,2024,L8,outer,area_verde,green
311.5738089923384,0.25359715788737147,-0.029764896701381077,2024,L8,outer,area_verde,green
319.0785517893485,0.45228510517696496,-0.09518592686949486,2024,L8,outer,area_verde,green
296.91497623491733,0.4322329223365916,-0.133185611375307,2024,L8,outer,area_verde,green
326.57157569353075,0.2802214027566983,-0.0015583475974835176,2024,L8,outer,area_verde,green
315.7818709617769,0.3802359139998901,-0.06678411217669607,2024,L8,outer,area_verde,green
320.30412195810607,0.3994477582721915,-0.05946355976577424,2024,L8,outer,area_verde,green
316.35447625694576,0.4179342885657477,-0.06729309410215885,2024,L8,outer,area_verde,green
315.8425398883655,0.5204062456815459,-0.1445021064582179,2024,L8,outer,area_verde,green
310.9906718521425,0.43940068926719295,-0.06832661303371058,2024,L8,outer,area_verde,green
300.0690186144581,0.5153464530978084,-0.12738037693929416,2024,L8,outer,area_verde,green
296.53244450465843,0.45793663216309954,-0.09921222893169362,2024,L8,outer,area_verde,green
292.8543790655644,0.5127029418174746,-0.12925691680589663,2024,L8,outer,area_verde,green
287.68671218929677,0.3025817506530695,-0.03089738597432478,2025,L8,outer,area_verde,green
291.7450131781617,0.38614872199705774,-0.05781696969259414,2025,L8,outer,area_verde,green
300.62006463887195,0.39457255818682996,-0.06445855586484871,2025,L8,outer,area_verde,green
299.6105789460352,0.4286191649238881,-0.08533336334230908,2025,L8,outer,area_verde,green
292.1087037604476,0.34740389746491074,-0.05963000170240807,2025,L8,outer,area_verde,green
312.8265760176366,0.3394502033297182,-0.015999577341124584,2025,L8,outer,area_verde,green
311.578006739715,0.5138228598274213,-0.14157516426542666,2025,L8,outer,area_verde,green
316.2925281444064,0.320241260862196,-0.0167896725992928,2025,L8,outer,area_verde,green
308.96507826910124,0.476081828604313,-0.1402999605485503,2025,L8,outer,area_verde,green
317.7418010142492,0.5111349076942588,-0.15132791656705816,2025,L8,outer,area_verde,green
321.1527401358675,0.4334142557532009,-0.08421398307537155,2025,L8,outer,area_verde,green
325.21163271718234,0.2727275944757114,0.017886814646684096,2025,L8,outer,area_verde,green
318.8891428201555,0.4423354435626969,-0.08652148827507358,2025,L8,outer,area_verde,green
312.97099980741547,0.26378648353761225,-0.006714338783671759,2025,L8,outer,area_verde,green
319.1299111445208,0.443979682679111,-0.09124625817490992,2025,L8,outer,area_verde,green
313.26444018549984,0.2840576936160657,-0.016744346383007546,2025,L8,outer,area_verde,green
312.40093039086616,0.4437545676925198,-0.07799236400987088,2025,L8,outer,area_verde,green
302.389306158131,0.5000814084012244,-0.1254731474381026,2025,L8,outer,area_verde,green
289.8805082566599,0.5887402898949379,-0.16283674043920868,2025,L8,outer,area_verde,green
296.69570829608716,0.4001563751989525,-0.04621133115327776,2025,L8,outer,area_verde,green
288.7258732609749,0.5428616104535086,-0.13920238461403717,2020,L8,outer,area_verde,green
294.68846111013306,0.487266932499071,-0.08793119371115223,2020,L8,outer,area_verde,green
297.4838354345541,0.5560202337727094,-0.13533482292292437,2020,L8,outer,area_verde,green
293.665822573154,0.5323244301475324,-0.11596046038905157,2020,L8,outer,area_verde,green
310.32560409862754,0.37908336649997815,-0.022835113229425948,2020,L8,outer,area_verde,green
317.12876676329347,0.4340039766044836,-0.06435958871235421,2020,L8,outer,area_verde,green
311.4710441586224,0.5489182179434334,-0.16090651644813903,2020,L8,outer,area_verde,green
328.4715455320597,0.29891105967171844,0.006922380715500821,2020,L8,outer,area_verde,green
321.1052535103569,0.526994724792242,-0.13314568717658234,2020,L8,outer,area_verde,green
309.14408003534015,0.31271320905520983,-0.03384001109948809,2020,L8,outer,area_verde,green
326.0644825293128,0.2897400747436676,0.021294647098759924,2020,L8,outer,area_verde,green
329.00532630848846,0.17004291930700413,0.03866855309887314,2020,L8,outer,area_verde,green
320.1241747556134,0.1548615030289259,0.04139239038692319,2020,L8,outer,area_verde,green
324.0414896466078,0.15720521723150535,0.04925010074679598,2020,L8,outer,area_verde,green
317.6031016966783,0.15528844395652552,0.046210896938208526,2020,L8,outer,area_verde,green
296.13137655120465,0.16968261551244138,0.036375645891011686,2020,L8,outer,area_verde,green
293.4178264415845,0.4483411138390857,-0.08916669075267217,2020,L8,outer,area_verde,green
288.23436885430897,0.5423841878645357,-0.14218804058728154,2020,L8,outer,area_verde,green
286.932056897194,0.5691741529951899,-0.1644101651137907,2020,L8,outer,area_verde,green
293.1425258431232,0.5707095929580818,-0.1725388217818497,2021,L8,outer,area_verde,green
290.9598517674204,0.5958346047680692,-0.193325950970929,2021,L8,outer,area_verde,green
297.24570576030266,0.44337726225318036,-0.0609991874889119,2021,L8,outer,area_verde,green
298.016803194127,0.5203277138165675,-0.13515264167800142,2021,L8,outer,area_verde,green
304.9449450776983,0.576794113606526,-0.1685434810316394,2021,L8,outer,area_verde,green
315.39814301936633,0.3640794769157199,-0.005209879674443039,2021,L8,outer,area_verde,green
309.3842108779102,0.4773984879693052,-0.10095403963432771,2021,L8,outer,area_verde,green
315.7339703840147,0.5582111913740884,-0.1556345200563493,2021,L8,outer,area_verde,green
314.8198786496869,0.4836642106846058,-0.101439180256949,2021,L8,outer,area_verde,green
309.995761875279,0.5565630836914082,-0.18236319002013038,2021,L8,outer,area_verde,green
317.93881934274606,0.4163530949724938,-0.06994220982916181,2021,L8,outer,area_verde,green
309.1075621815218,0.5193868156464135,-0.1182457781364984,2021,L8,outer,area_verde,green
310.64497928695647,0.24434513974169772,0.02948739158974803,2021,L8,outer,area_verde,green
319.48870339089603,0.5586340471217519,-0.1522942823955206,2021,L8,outer,area_verde,green
325.2424645884973,0.2627176729319511,0.02391011305025783,2021,L8,outer,area_verde,green
305.9448681231831,0.554274203618668,-0.1431556375430841,2021,L8,outer,area_verde,green
301.9483041036056,0.5639122698622007,-0.16046517606626878,2021,L8,outer,area_verde,green
304.4874661021329,0.5294654051144619,-0.11579066510695249,2021,L8,outer,area_verde,green
303.36347699849745,0.3544655966773502,0.003984613923047831,2021,L8,outer,area_verde,green
287.33175930502034,0.5776042956889617,-0.16772103624094717,2021,L8,outer,area_verde,green
284.97337359352076,0.5952049007382704,-0.16605330758082076,2022,L8,outer,area_verde,green
292.2513996096666,0.5725778492216064,-0.1563752218670901,2022,L8,outer,area_verde,green
289.4090382863614,0.5562714872676435,-0.1370801921512286,2022,L8,outer,area_verde,green
297.664625648831,0.5005534677000987,-0.11066369457078849,2022,L8,outer,area_verde,green
297.44606140149943,0.5185204835910566,-0.10734438435301466,2022,L8,outer,area_verde,green
304.9928548827694,0.42116117502613465,-0.022007474057831686,2022,L8,outer,area_verde,green
310.6056994517768,0.541393540093475,-0.12689104676515264,2022,L8,outer,area_verde,green
314.8900359894256,0.33447839179757355,0.010221510350445039,2022,L8,outer,area_verde,green
312.3332507849526,0.5542941109312789,-0.14856211279248788,2022,L8,outer,area_verde,green
327.2006254659303,0.3042834709472751,0.005790808639032142,2022,L8,outer,area_verde,green
323.8984189003217,0.5612854153899157,-0.1596586269329818,2022,L8,outer,area_verde,green
316.93975876609807,0.2885549545964475,0.0058099668879558405,2022,L8,outer,area_verde,green
329.7706658141971,0.2923873926185676,0.024160722140800846,2022,L8,outer,area_verde,green
320.8852952123954,0.44167276196971084,-0.06281376863589415,2022,L8,outer,area_verde,green
317.6700428402744,0.2530779461784292,0.027078404640085492,2022,L8,outer,area_verde,green
310.3346263347137,0.515504361393228,-0.11467706227598949,2022,L8,outer,area_verde,green
302.6062571089131,0.3894802229291589,-0.03237092501580843,2022,L8,outer,area_verde,green
292.51400442094905,0.5509233385606701,-0.1558531973853988,2022,L8,outer,area_verde,green
286.2004377035687,0.6297020446291347,-0.19143080429899736,2023,L8,outer,area_verde,green
295.14421769140256,0.4248903930737174,-0.04581398843476681,2023,L8,outer,area_verde,green
284.8630187273792,0.5173111032314629,-0.13741690120872355,2023,L8,outer,area_verde,green
286.78220100381066,0.38002844886406273,-0.11844719248943436,2023,L8,outer,area_verde,green
303.8252220779558,0.376532285968978,-0.03036304373433257,2023,L8,outer,area_verde,green
310.63083524838663,0.5244875189515317,-0.12383711701610606,2023,L8,outer,area_verde,green
316.2862908896405,0.35775479403736904,-0.02971566807025727,2023,L8,outer,area_verde,green
320.80444555054373,0.3171691526990054,0.008645754862443069,2023,L8,outer,area_verde,green
314.2254960924035,0.5413546991567565,-0.13808551140544525,2023,L8,outer,area_verde,green
320.69656271735664,0.37359066964399384,-0.04697973318653153,2023,L8,outer,area_verde,green
319.0545424665269,0.5460997390141107,-0.15914397236339942,2023,L8,outer,area_verde,green
314.7284328620451,0.5156692429902346,-0.141228783188382,2023,L8,outer,area_verde,green
326.10163886329605,0.32425332707134125,-0.016619059645502858,2023,L8,outer,area_verde,green
307.5761976264463,0.45640030654519953,-0.08699654822382576,2023,L8,outer,area_verde,green
320.31173402248,0.2952775000091894,0.01847351365415283,2023,L8,outer,area_verde,green
308.3128762533397,0.5039092632448365,-0.11099065800770183,2023,L8,outer,area_verde,green
315.1685165359353,0.3112756924536698,0.009341850299393132,2023,L8,outer,area_verde,green
302.1811435986882,0.5149739370048855,-0.11603016724708407,2023,L8,outer,area_verde,green
296.6518427656205,0.554233816040787,-0.14449373165046892,2023,L8,outer,area_verde,green
294.8846448389619,0.5517659271660479,-0.14865886688669816,2023,L8,outer,area_verde,green
284.1173575882051,0.46954688780520104,-0.07716352302697717,2024,L8,outer,area_verde,green
287.2096533588455,0.6008670103104862,-0.18375455989912617,2024,L8,outer,area_verde,green
301.32355840262125,0.4992866664513113,-0.09676556541749916,2024,L8,outer,area_verde,green
290.82756014180234,0.43694638188788937,-0.12979105142345973,2024,L8,outer,area_verde,green
313.4253141258276,0.3668114672703462,-0.022880003338961306,2024,L8,outer,area_verde,green
311.0352700204673,0.546080377389849,-0.1515453086375501,2024,L8,outer,area_verde,green
314.95615585886543,0.4939621829550855,-0.10599447556543629,2024,L8,outer,area_verde,green
327.6485832580192,0.29132511474972994,0.026969425188990318,2024,L8,outer,area_verde,green
320.1934167397486,0.5298205227454983,-0.13557066912018817,2024,L8,outer,area_verde,green
321.443865905962,0.2903419037656959,0.025071813929635398,2024,L8,outer,area_verde,green
323.0788555721456,0.2938801075423552,-0.007742297404845663,2024,L8,outer,area_verde,green
330.383641236904,0.2656735802914249,0.014450996052224408,2024,L8,outer,area_verde,green
315.49458965338505,0.5152717844850919,-0.11932192154026812,2024,L8,outer,area_verde,green
326.2073046440532,0.2855882411908357,0.014894366523213288,2024,L8,outer,area_verde,green
310.39269806971754,0.5058510155428637,-0.12127462216528534,2024,L8,outer,area_verde,green
320.6383275840174,0.29307501902764993,0.01638272878611707,2024,L8,outer,area_verde,green
305.99489633338123,0.501428234718948,-0.1068895426454945,2024,L8,outer,area_verde,green
294.06692581785603,0.5302044384707157,-0.1344812890314215,2024,L8,outer,area_verde,green
299.68412070938723,0.3727135559801102,-0.024427443066783728,2024,L8,outer,area_verde,green
293.7119238323341,0.5273829195719011,-0.12328520764109999,2024,L8,outer,area_verde,green
294.4616919494836,0.3202642848117161,-0.004349209121726128,2024,L8,outer,area_verde,green
291.6065783443837,0.3750438863127485,-0.04089627023681931,2025,L8,outer,area_verde,green
295.99112838076354,0.34691903538068436,-0.030581894004135093,2025,L8,outer,area_verde,green
294.5316684213657,0.3995533714596054,-0.07769099933193252,2025,L8,outer,area_verde,green
300.4779292052253,0.44672540699494595,-0.08210230356169174,2025,L8,outer,area_verde,green
293.8241344212899,0.4972282603756926,-0.12214609267458562,2025,L8,outer,area_verde,green
297.67943649697025,0.37211841390866635,-0.0711886649582752,2025,L8,outer,area_verde,green
310.8663773268149,0.5380691726756245,-0.1557137600322731,2025,L8,outer,area_verde,green
314.2763917047756,0.47771821971449907,-0.10768067736630861,2025,L8,outer,area_verde,green
317.29432263886576,0.3044821194363763,0.00835844974365462,2025,L8,outer,area_verde,green
311.0477227301698,0.5002337246956796,-0.12359055950012748,2025,L8,outer,area_verde,green
329.50377528221145,0.27200348726864676,0.026508023535961704,2025,L8,outer,area_verde,green
320.4286447424725,0.507508318711557,-0.1321834510356223,2025,L8,outer,area_verde,green
325.00875052622536,0.48969857740012157,-0.12195022963162806,2025,L8,outer,area_verde,green
321.5270358510374,0.30089544525185363,-0.02495457901480396,2025,L8,outer,area_verde,green
312.20165043421713,0.483296799254173,-0.11599353061647759,2025,L8,outer,area_verde,green
315.6363176600005,0.3088588867752569,-0.027509326505530177,2025,L8,outer,area_verde,green
303.3780031618405,0.5129094327887347,-0.12940583872687184,2025,L8,outer,area_verde,green
303.9592548351081,0.42652085752869073,-0.05849833844034305,2025,L8,outer,area_verde,green
293.4350496138103,0.6194498104972045,-0.17268480333535308,2025,L8,outer,area_verde,green
285.70713622014773,0.8000296507159287,-0.2642062894507243,2022,L9,sitio,area_verde,green
290.46431711820406,0.7712168280777711,-0.245269168875989,2022,L9,sitio,area_verde,green
289.8196263394774,0.7249096285069504,-0.2026446034116081,2022,L9,sitio,area_verde,green
299.0969045237865,0.5404658637339909,-0.08611268125221493,2022,L9,sitio,area_verde,green
295.50899642344643,0.7097418320211392,-0.19425794633048427,2022,L9,sitio,area_verde,green
309.7405132597056,0.49685191114539656,-0.03096173481599131,2022,L9,sitio,area_verde,green
305.2446464112443,0.7121137514315321,-0.21825860459726074,2022,L9,sitio,area_verde,green
316.45937767283147,0.3752691857599934,0.014233755511503866,2022,L9,sitio,area_verde,green
305.8996770428328,0.7643247503706626,-0.26187598076650953,2022,L9,sitio,area_verde,green
321.07954200302527,0.3785884096030116,-0.03284566620233127,2022,L9,sitio,area_verde,green
315.4399667797136,0.7635647599104997,-0.2607351231504998,2022,L9,sitio,area_verde,green
319.1937960087816,0.37627431498538866,-0.009960012362218731,2022,L9,sitio,area_verde,green
311.6599184158577,0.7087246264710201,-0.1965855857445127,2022,L9,sitio,area_verde,green
314.2995553460977,0.32688365481127785,-0.004355322862635551,2022,L9,sitio,area_verde,green
316.76382812225717,0.6042210400397946,-0.1247400693345481,2022,L9,sitio,area_verde,green
314.012005878841,0.29682874729548264,-2.3933497743196824E-5,2022,L9,sitio,area_verde,green
307.28875240052287,0.7324637063327009,-0.19721047798799973,2022,L9,sitio,area_verde,green
302.85416966589173,0.5580138614170531,-0.07853333184661464,2022,L9,sitio,area_verde,green
292.4444008467986,0.7639607252850862,-0.25111886057012345,2022,L9,sitio,area_verde,green
286.71978339372214,0.7249505368008682,-0.20359875969899952,2022,L9,sitio,area_verde,green
285.5848939585974,0.803938275530456,-0.27592030192441114,2023,L9,sitio,area_verde,green
293.38456659224244,0.4836141744075226,-0.0553587496932351,2023,L9,sitio,area_verde,green
290.1574867429926,0.6916033772340839,-0.18543417763226588,2023,L9,sitio,area_verde,green
303.544203127801,0.46189242761749516,-0.04561170476737429,2023,L9,sitio,area_verde,green
304.0832113126406,0.6709309910853175,-0.20860472897683635,2023,L9,sitio,area_verde,green
312.2656850396066,0.4989258737090294,-0.08668231991929343,2023,L9,sitio,area_verde,green
318.40478952992737,0.3583129901661519,0.014607879009997143,2023,L9,sitio,area_verde,green
310.7140772428574,0.7376644777320487,-0.2300800746654982,2023,L9,sitio,area_verde,green
315.663043229002,0.5335209223596094,-0.10816153662773521,2023,L9,sitio,area_verde,green
318.20986658811665,0.6622004594953834,-0.19630174733097755,2023,L9,sitio,area_verde,green
320.25874472646626,0.614847440066743,-0.13914001014315006,2023,L9,sitio,area_verde,green
305.2780990461273,0.060863610061973,-0.059906448134434694,2023,L9,sitio,area_verde,green
312.681042613267,0.655447180046398,-0.154074872856118,2023,L9,sitio,area_verde,green
319.28884692450595,0.3452752878235299,0.035845819357967476,2023,L9,sitio,area_verde,green
307.57143730601825,0.7099978008735297,-0.19347441140065386,2023,L9,sitio,area_verde,green
314.5514626889489,0.3815629016628964,-0.0022742384312103695,2023,L9,sitio,area_verde,green
301.21923105296133,0.7270844424666806,-0.1998399586330232,2023,L9,sitio,area_verde,green
294.35028722727475,0.7715283691407747,-0.24373351324107762,2023,L9,sitio,area_verde,green
290.82618843490576,0.7623148872640819,-0.2458169488757552,2023,L9,sitio,area_verde,green
285.51212654150476,0.6296505996992688,-0.13927346441480487,2024,L9,sitio,area_verde,green
281.36923881174425,0.36756615030001955,-0.10349109615967327,2024,L9,sitio,area_verde,green
298.18953731599095,0.6627140884754947,-0.15764682649583073,2024,L9,sitio,area_verde,green
301.9735671630148,0.741867728612381,-0.22393282564149655,2024,L9,sitio,area_verde,green
311.68340975357864,0.4947132326662343,-0.0713123824297933,2024,L9,sitio,area_verde,green
308.58055533861835,0.7551083963034334,-0.25433594224396666,2024,L9,sitio,area_verde,green
308.2656060489172,0.7072128868305589,-0.2118315087987379,2024,L9,sitio,area_verde,green
325.57973807472155,0.3546491554291824,0.0172776068795387,2024,L9,sitio,area_verde,green
314.47330241348754,0.7312076109928821,-0.24081980824967494,2024,L9,sitio,area_verde,green
324.96829695804956,0.3168089914130163,0.03490978092841474,2024,L9,sitio,area_verde,green
322.565440582431,0.4071141329424165,-0.05747140712698107,2024,L9,sitio,area_verde,green
331.12312949953116,0.29635520869544674,0.0195904074866553,2024,L9,sitio,area_verde,green
312.96491688662655,0.7033203222228972,-0.2079133279038772,2024,L9,sitio,area_verde,green
327.1146756763213,0.3437278797893737,0.012455284537446737,2024,L9,sitio,area_verde,green
304.9198361058243,0.6964967717427795,-0.1973092596505343,2024,L9,sitio,area_verde,green
318.90148699975316,0.36180418582231005,0.0097707457158917,2024,L9,sitio,area_verde,green
304.1472769266069,0.7046525741377391,-0.18570758938725843,2024,L9,sitio,area_verde,green
293.4013574202373,0.7359012888992608,-0.22932445653317493,2024,L9,sitio,area_verde,green
283.4270037317599,0.39349374161988177,-0.07793459594445891,2024,L9,sitio,area_verde,green
289.35595134201697,0.7099445056962674,-0.202701579100837,2024,L9,sitio,area_verde,green
290.1681119013763,0.5006690508736464,-0.07725582627090696,2025,L9,sitio,area_verde,green
292.3294625221263,0.4877045726282899,-0.07867176006756732,2025,L9,sitio,area_verde,green
299.037969493281,0.6180292880604566,-0.1576203587082971,2025,L9,sitio,area_verde,green
286.38703629386254,0.5315105814467829,-0.1583801873577257,2025,L9,sitio,area_verde,green
291.85087786159596,0.5527379134158915,-0.15805989270348525,2025,L9,sitio,area_verde,green
310.3469332947001,0.4538044504582608,-0.017310242479025073,2025,L9,sitio,area_verde,green
310.6302737309087,0.675391593457519,-0.19218274047460218,2025,L9,sitio,area_verde,green
320.79032588949985,0.3588082199887433,0.03141558103407424,2025,L9,sitio,area_verde,green
309.6299360443898,0.703787886090256,-0.2104944300212336,2025,L9,sitio,area_verde,green
325.15023591522686,0.3262913485216222,0.023975641160926663,2025,L9,sitio,area_verde,green
316.22491974859923,0.7213333145489059,-0.22669310280268415,2025,L9,sitio,area_verde,green
313.9352416457715,0.37759680755612424,-0.035712762377636924,2025,L9,sitio,area_verde,green
321.83230753885607,0.6709584239004585,-0.2040411899749408,2025,L9,sitio,area_verde,green
286.39217761765184,0.1378577794543271,0.03701446649026615,2025,L9,sitio,area_verde,green
312.7701783788252,0.6596953638255157,-0.18745665498108044,2025,L9,sitio,area_verde,green
315.96367584784883,0.4085983624209323,-0.062007950498611006,2025,L9,sitio,area_verde,green
302.4501860487903,0.7255563292169219,-0.21954415197879187,2025,L9,sitio,area_verde,green
300.3854389831774,0.5735674690240157,-0.1241848932161822,2025,L9,sitio,area_verde,green
295.8262943116278,0.5416805150482731,-0.07876976488952533,2025,L9,sitio,area_verde,green
292.1715872135878,0.5950885262753283,-0.10747960170138747,2025,L9,sitio,area_verde,green
290.3902273674278,0.6891041718139316,-0.19214804041170933,2026,L9,sitio,area_verde,green
297.2944028925058,0.4144024803570919,-0.012076106062994153,2026,L9,sitio,area_verde,green
295.3439986745138,0.6357387006222421,-0.12341123784764788,2026,L9,sitio,area_verde,green
307.7455711260991,0.48461198265522193,-0.028039117605853925,2026,L9,sitio,area_verde,green
290.40496610153673,0.7845547638409872,-0.2517735354179157,2022,L9,sitio,area_verde,green
290.1349962085105,0.765352475560205,-0.23960603873724304,2022,L9,sitio,area_verde,green
295.45606468570344,0.6754533781018546,-0.17856819398432033,2022,L9,sitio,area_verde,green
292.9118363248903,0.4243009822200901,-0.04264195593641035,2022,L9,sitio,area_verde,green
307.3203408681699,0.49242781890470305,-0.06772300916855649,2022,L9,sitio,area_verde,green
306.0060165176633,0.786948248695577,-0.2681785040707858,2022,L9,sitio,area_verde,green
313.3324995267257,0.5300298721563855,-0.10408519151805798,2022,L9,sitio,area_verde,green
312.0391662502176,0.8001101773974283,-0.28522481253811277,2022,L9,sitio,area_verde,green
313.7166970811004,0.7069650705604349,-0.19800121370270032,2022,L9,sitio,area_verde,green
304.64028589629186,0.5315151309788603,-0.17660567626446336,2022,L9,sitio,area_verde,green
311.0270966772487,0.6556253288502626,-0.16715461998530598,2022,L9,sitio,area_verde,green
315.7971200261139,0.38179878995505223,-0.07482386377325277,2022,L9,sitio,area_verde,green
312.81763602185714,0.753544901028167,-0.24941072819974727,2022,L9,sitio,area_verde,green
314.024730302062,0.44972236072977934,-0.025397850480390994,2022,L9,sitio,area_verde,green
324.5536585221166,0.3362145483186498,0.028697836551708506,2022,L9,sitio,area_verde,green
308.7836109113535,0.626199597106353,-0.10930757985092503,2022,L9,sitio,area_verde,green
304.2017141620492,0.7485065400528045,-0.22264751583780815,2022,L9,sitio,area_verde,green
299.0912846987399,0.7220221646613514,-0.1780094654358565,2022,L9,sitio,area_verde,green
291.35192299602545,0.7884623753670055,-0.2620844023075195,2022,L9,sitio,area_verde,green
296.0166083447351,0.48232543928073873,-0.023800373726296693,2022,L9,sitio,area_verde,green
290.89847454122673,0.7855817341159549,-0.23321449185633572,2023,L9,sitio,area_verde,green
289.5283407177237,0.798934433655571,-0.26620362077193105,2023,L9,sitio,area_verde,green
287.54770843867686,0.7788886164543639,-0.2788992140929905,2023,L9,sitio,area_verde,green
306.11893898371443,0.610502141772759,-0.12320761353820062,2023,L9,sitio,area_verde,green
312.4572388780102,0.479370540234883,-0.019960906263515123,2023,L9,sitio,area_verde,green
305.11565714167455,0.7129262994656302,-0.21227416611364994,2023,L9,sitio,area_verde,green
315.25166429855636,0.5652123667796037,-0.09947864839984075,2023,L9,sitio,area_verde,green
323.42808710420604,0.4099297371878074,0.00824520264541348,2023,L9,sitio,area_verde,green
312.916024414775,0.7334604045167409,-0.21867801598915768,2023,L9,sitio,area_verde,green
327.7196938119508,0.3201632112701206,0.019636317122738004,2023,L9,sitio,area_verde,green
316.29502324880707,0.6719596229433746,-0.19078734953980295,2023,L9,sitio,area_verde,green
324.13580604267537,0.25149024710169227,0.04945971488857866,2023,L9,sitio,area_verde,green
319.2807144827791,0.47326183690537016,-0.05537775665679075,2023,L9,sitio,area_verde,green
312.7704449464003,0.5396248539867762,-0.08020470901545275,2023,L9,sitio,area_verde,green
303.48625358899903,0.7227315961773199,-0.22028241422361514,2023,L9,sitio,area_verde,green
306.20805195047734,0.5847417629327266,-0.11166244267755422,2023,L9,sitio,area_verde,green
299.1892148720692,0.7378310440660802,-0.22198192110109194,2023,L9,sitio,area_verde,green
292.7624254217533,0.748595526367469,-0.24127752615680634,2023,L9,sitio,area_verde,green
295.64574467490945,0.44481845949012505,-0.018339209277981317,2023,L9,sitio,area_verde,green
289.4258930565771,0.5752264234569572,-0.09416394980077428,2023,L9,sitio,area_verde,green
289.846525941239,0.6576522298917887,-0.15270199447815566,2024,L9,sitio,area_verde,green
295.1515497295137,0.7048935351556382,-0.21431436827298128,2024,L9,sitio,area_verde,green
292.9555837150975,0.7831549154613028,-0.26094155807438835,2024,L9,sitio,area_verde,green
299.6164284738588,0.7291396014082341,-0.20549038197878156,2024,L9,sitio,area_verde,green
303.7409049264519,0.45744309799146976,-0.01721575813523712,2024,L9,sitio,area_verde,green
310.56086909728816,0.7134698623003696,-0.20064047457246068,2024,L9,sitio,area_verde,green
318.6354421151027,0.4030396182407651,0.00270128880384122,2024,L9,sitio,area_verde,green
310.08091116123404,0.7400621876424294,-0.24529269667996365,2024,L9,sitio,area_verde,green
314.1980286061691,0.7379913701108828,-0.2578811778185259,2024,L9,sitio,area_verde,green
326.0535103144184,0.3607195482249821,-0.01609753076743836,2024,L9,sitio,area_verde,green
312.4522025887673,0.5330875276697286,-0.12461468170358943,2024,L9,sitio,area_verde,green
305.2899811739364,0.50857406774091,-0.1707205820126116,2024,L9,sitio,area_verde,green
313.2022024690988,0.5226242383069878,-0.10079962406391396,2024,L9,sitio,area_verde,green
313.7293714607863,0.7316314991793177,-0.23373914271104657,2024,L9,sitio,area_verde,green
309.7735983426771,0.5797752186508333,-0.10508606830422848,2024,L9,sitio,area_verde,green
297.14608685670225,0.7449913328604079,-0.22134370004234785,2024,L9,sitio,area_verde,green
300.85335704730227,0.4389735432355465,-0.019925152261175142,2024,L9,sitio,area_verde,green
295.22036852461275,0.6263925335208048,-0.16267304399768112,2024,L9,sitio,area_verde,green
283.84847595325004,0.5748944015539561,-0.18302207255598088,2024,L9,sitio,area_verde,green
294.38352118652125,0.4264071084852944,-0.028246648100093624,2025,L9,sitio,area_verde,green
291.61797579040206,0.5379529924227943,-0.09955184335168797,2025,L9,sitio,area_verde,green
297.06449355887884,0.49995919058901295,-0.09848818024191748,2025,L9,sitio,area_verde,green
297.6521166398567,0.6164801651689914,-0.1459140080869101,2025,L9,sitio,area_verde,green
309.37679546154845,0.4507876014623344,-0.02399195360885767,2025,L9,sitio,area_verde,green
306.2329356873837,0.7125812805390327,-0.22947632522886316,2025,L9,sitio,area_verde,green
316.63324993309226,0.41787273068819386,-0.014552626603803534,2025,L9,sitio,area_verde,green
309.24282087840487,0.7303750349307978,-0.245117121468953,2025,L9,sitio,area_verde,green
319.4708199946356,0.5137746039829584,-0.0841864311083884,2025,L9,sitio,area_verde,green
315.45435624330815,0.7300039744081241,-0.25524720730683803,2025,L9,sitio,area_verde,green
316.0858129844309,0.6002427551954878,-0.13136039736031452,2025,L9,sitio,area_verde,green
324.94965838200665,0.36626825987482375,0.022160295488846862,2025,L9,sitio,area_verde,green
316.9429063116811,0.5934369920906536,-0.13728022627165581,2025,L9,sitio,area_verde,green
316.5734000510158,0.34351739539929815,-0.024045060376162358,2025,L9,sitio,area_verde,green
316.20932327045404,0.592666244668218,-0.12976723099170456,2025,L9,sitio,area_verde,green
319.4522823919263,0.3608123612995034,-0.0035451088660851705,2025,L9,sitio,area_verde,green
309.4553556181975,0.614912584112095,-0.12750676606273645,2025,L9,sitio,area_verde,green
306.4113662661797,0.41380798526821877,-0.030206688655116082,2025,L9,sitio,area_verde,green
289.2437952063764,0.7427508439648136,-0.22040548533441062,2025,L9,sitio,area_verde,green
296.66777972336666,0.42568666591658494,-0.017553383306357733,2025,L9,sitio,area_verde,green
299.83854490733444,0.5181120564431381,-0.06595025629429026,2026,L9,sitio,area_verde,green
299.4945544551638,0.64693131937007,-0.15176057171125265,2026,L9,sitio,area_verde,green
286.43887792532564,0.5943702100814237,-0.16611578538200275,2022,L9,outer,area_verde,green
291.70382930546185,0.5716117097744846,-0.15388881721870729,2022,L9,outer,area_verde,green
290.77999184356435,0.5426401222772029,-0.12636530680318186,2022,L9,outer,area_verde,green
299.7946794269786,0.41846214110578484,-0.04999941665690952,2022,L9,outer,area_verde,green
297.6363609037062,0.5261436599069255,-0.11824594281124512,2022,L9,outer,area_verde,green
310.3534521177384,0.3879791724216979,-0.012196062790317992,2022,L9,outer,area_verde,green
308.70524586568104,0.519491740992831,-0.13155045850629243,2022,L9,outer,area_verde,green
316.9084186594459,0.3038422696394316,0.014985666698554747,2022,L9,outer,area_verde,green
310.2311661409081,0.5537641195446528,-0.16017066312029918,2022,L9,outer,area_verde,green
322.50652266980154,0.3006196083279627,-0.012635490141222968,2022,L9,outer,area_verde,green
319.93820166418243,0.5504037457722936,-0.15746599084903154,2022,L9,outer,area_verde,green
320.0198764490194,0.2989250424439016,0.001062437428625744,2022,L9,outer,area_verde,green
314.81281373076297,0.5123553684116264,-0.11684362277205776,2022,L9,outer,area_verde,green
314.2796951266587,0.27929397650332294,-0.0027821376116414815,2022,L9,outer,area_verde,green
319.1447939324368,0.4452299020661263,-0.07828191902040076,2022,L9,outer,area_verde,green
314.74854894064805,0.2601881305104184,0.00840220512239891,2022,L9,outer,area_verde,green
310.1165939589976,0.5290202632796199,-0.1214770208752112,2022,L9,outer,area_verde,green
303.79211107750933,0.41022088044798627,-0.04450984882902921,2022,L9,outer,area_verde,green
293.7658553278045,0.5479226640218449,-0.1566731491288333,2022,L9,outer,area_verde,green
287.1842719742803,0.538917474812856,-0.13160549713959815,2022,L9,outer,area_verde,green
285.8999273869805,0.624751884730913,-0.19398855129328849,2023,L9,outer,area_verde,green
293.0546842359829,0.4072408545044467,-0.048140744976316374,2023,L9,outer,area_verde,green
290.7949771906633,0.5355881679384322,-0.12704009975324435,2023,L9,outer,area_verde,green
303.6389018561849,0.371328679178212,-0.03510689322840034,2023,L9,outer,area_verde,green
306.8282197428904,0.49620206194337313,-0.13923920885902577,2023,L9,outer,area_verde,green
314.54881305598,0.37753072994270814,-0.04944740005898448,2023,L9,outer,area_verde,green
318.95267282460725,0.29352852602762036,0.01290228688359287,2023,L9,outer,area_verde,green
314.7338060474268,0.5372325018523139,-0.1377350655424847,2023,L9,outer,area_verde,green
318.95758449388836,0.4000201015716097,-0.062487058786615,2023,L9,outer,area_verde,green
322.5549881649268,0.4496844835997997,-0.09554537522902608,2023,L9,outer,area_verde,green
323.42765977527523,0.4503675784774468,-0.07889807685623786,2023,L9,outer,area_verde,green
305.91558514898384,0.06904505783610795,-0.054490032141146276,2023,L9,outer,area_verde,green
315.45360560270785,0.47148623180674953,-0.08808855726895651,2023,L9,outer,area_verde,green
319.22830482175607,0.2809902653981867,0.03031075105335177,2023,L9,outer,area_verde,green
310.43881462958535,0.5090122366790234,-0.11538439923533783,2023,L9,outer,area_verde,green
314.6289284483985,0.2995235783923199,0.004210389760103845,2023,L9,outer,area_verde,green
303.2421971777289,0.5209535335678886,-0.11989914332345214,2023,L9,outer,area_verde,green
295.93616268270983,0.5533135984824182,-0.14889821192192604,2023,L9,outer,area_verde,green
292.3240123554981,0.5469167348712414,-0.14892692168190802,2023,L9,outer,area_verde,green
285.8792251474871,0.46440988837010966,-0.08144056288560295,2024,L9,outer,area_verde,green
281.3351776005365,0.3565039855144618,-0.09759465167283417,2024,L9,outer,area_verde,green
300.0231112446472,0.49774342041286584,-0.096359358624868,2024,L9,outer,area_verde,green
304.75675003770186,0.5463356560644627,-0.13853813905671183,2024,L9,outer,area_verde,green
312.86893465907644,0.3774631443934141,-0.03702420738088797,2024,L9,outer,area_verde,green
312.6127960989143,0.5406211381902417,-0.15207883667825975,2024,L9,outer,area_verde,green
312.0187083599125,0.5091708696369881,-0.12240669150949392,2024,L9,outer,area_verde,green
326.3217882910216,0.28713304298346365,0.019070992741314838,2024,L9,outer,area_verde,green
319.0029980588013,0.5178321286127229,-0.13848561138170903,2024,L9,outer,area_verde,green
325.24508573376016,0.2646571045761045,0.027982596634933396,2024,L9,outer,area_verde,green
324.5388181687089,0.2964259172397325,-0.02006435400061206,2024,L9,outer,area_verde,green
331.3263665417082,0.2534186718118502,0.015661621436530767,2024,L9,outer,area_verde,green
315.9603717401327,0.5063737788811782,-0.12107483803905347,2024,L9,outer,area_verde,green
327.5657315346742,0.27741438578774796,0.01286636601669826,2024,L9,outer,area_verde,green
307.8457840999377,0.5010207573017442,-0.11795142590326858,2024,L9,outer,area_verde,green
319.2995156623793,0.2854812370030525,0.013785380873227214,2024,L9,outer,area_verde,green
306.58737244468523,0.49586938096623934,-0.1049551995898535,2024,L9,outer,area_verde,green
295.127646323338,0.5187979098197363,-0.13473998695355832,2024,L9,outer,area_verde,green
283.9812761606388,0.3178067681994052,-0.05401115582288353,2024,L9,outer,area_verde,green
290.7287021474875,0.5067726270959346,-0.11848161223429338,2024,L9,outer,area_verde,green
290.30130524680794,0.36802512862777,-0.04212562308549261,2025,L9,outer,area_verde,green
292.5269702014709,0.3569160713231562,-0.04246874113147385,2025,L9,outer,area_verde,green
301.1504820427333,0.4313362382118408,-0.08597022043005727,2025,L9,outer,area_verde,green
287.52518147676864,0.3880445010546765,-0.10038437191563353,2025,L9,outer,area_verde,green
293.5606077031709,0.39825261307318416,-0.09889328141229602,2025,L9,outer,area_verde,green
311.0685924382495,0.3438869685951042,-0.007293769575124009,2025,L9,outer,area_verde,green
314.11274908824254,0.4763610529828717,-0.11198558854515656,2025,L9,outer,area_verde,green
321.0281600530549,0.284383187019904,0.022769034277074603,2025,L9,outer,area_verde,green
313.0529930795879,0.49711785896151756,-0.12251819502671328,2025,L9,outer,area_verde,green
325.67027793032906,0.26140246728517863,0.017821984995024166,2025,L9,outer,area_verde,green
320.6146020974391,0.5069672520398507,-0.13418350794144257,2025,L9,outer,area_verde,green
315.383603032126,0.2944327383379156,-0.024930399759652666,2025,L9,outer,area_verde,green
325.92029686912764,0.4807094441590032,-0.12438678771011236,2025,L9,outer,area_verde,green
287.0694067016184,0.15085461443032888,0.04414188261003381,2025,L9,outer,area_verde,green
314.9842540746264,0.4797346473943872,-0.12036100565103623,2025,L9,outer,area_verde,green
318.0430525344538,0.3131977404375534,-0.03127471316213399,2025,L9,outer,area_verde,green
304.38253740900495,0.5130885435385353,-0.13297831969925156,2025,L9,outer,area_verde,green
301.3333129429286,0.4375365992916775,-0.08282723626045439,2025,L9,outer,area_verde,green
295.5475028378025,0.4674776727822608,-0.07559152966179161,2025,L9,outer,area_verde,green
292.37979827036975,0.4998503495478081,-0.09155490180346587,2025,L9,outer,area_verde,green
290.99574913773256,0.5591071659591251,-0.14554321921514424,2026,L9,outer,area_verde,green
296.5917882654044,0.38057842668835856,-0.027487596093616593,2026,L9,outer,area_verde,green
296.05846287264546,0.5012543372646757,-0.08662712035401039,2026,L9,outer,area_verde,green
307.8077837994891,0.39767099609677914,-0.02444825738631524,2026,L9,outer,area_verde,green
291.4867872193418,0.5760528884183169,-0.15497574764369906,2022,L9,outer,area_verde,green
291.4731998978701,0.5674465388841217,-0.14924692192489764,2022,L9,outer,area_verde,green
296.8881971622066,0.5073670949314151,-0.1074207779823287,2022,L9,outer,area_verde,green
294.01605450260337,0.34643695276139225,-0.026591087387853277,2022,L9,outer,area_verde,green
308.52438400872086,0.3782979744873876,-0.033919840448513566,2022,L9,outer,area_verde,green
310.0343348551711,0.5710831951296872,-0.16245805426304563,2022,L9,outer,area_verde,green
316.4477098767143,0.40259201552950397,-0.05434327125723907,2022,L9,outer,area_verde,green
316.84859538280693,0.5777474803560594,-0.17313435820130593,2022,L9,outer,area_verde,green
318.18195915921206,0.5066237080252469,-0.113178517923058,2022,L9,outer,area_verde,green
307.3642091266705,0.43961756376404143,-0.1283424951559014,2022,L9,outer,area_verde,green
314.1066295198624,0.48109697332232065,-0.09776740166745597,2022,L9,outer,area_verde,green
317.89370659517624,0.3056495662646916,-0.036752802340570545,2022,L9,outer,area_verde,green
316.3006892456853,0.5394965347655956,-0.15222581618679795,2022,L9,outer,area_verde,green
314.85549979634766,0.3576145442675559,-0.014303973365700952,2022,L9,outer,area_verde,green
324.6986281933594,0.2781913948319342,0.021134845392228145,2022,L9,outer,area_verde,green
310.71994052832235,0.4663534004902302,-0.0672597069692424,2022,L9,outer,area_verde,green
306.85517473247506,0.5371325880346658,-0.13759147848276965,2022,L9,outer,area_verde,green
300.97780957675434,0.5144774237913954,-0.10682350277653213,2022,L9,outer,area_verde,green
292.46988160182275,0.5723043314086942,-0.16635626641567833,2022,L9,outer,area_verde,green
295.8622406553283,0.37277584677914627,-0.014304846274770747,2022,L9,outer,area_verde,green
291.3478006100242,0.6060106296913138,-0.16035269543522884,2023,L9,outer,area_verde,green
289.8741894957362,0.6224987238966417,-0.18801176017652188,2023,L9,outer,area_verde,green
288.33919176095134,0.6347313395032733,-0.2068424860042276,2023,L9,outer,area_verde,green
307.18930807220363,0.4609225463648213,-0.07873043790753341,2023,L9,outer,area_verde,green
312.91161748293007,0.3701895224674961,-0.008925724727460957,2023,L9,outer,area_verde,green
308.2607866995763,0.5164027929336138,-0.12929480654082218,2023,L9,outer,area_verde,green
318.3755350683227,0.4227532637705697,-0.05626502912078994,2023,L9,outer,area_verde,green
324.08925651114174,0.32265104825839347,0.012450713533520383,2023,L9,outer,area_verde,green
317.42247480249324,0.5248984458370993,-0.12875322841725076,2023,L9,outer,area_verde,green
328.06491909079153,0.263657524662876,0.018960906367863684,2023,L9,outer,area_verde,green
320.00494798757194,0.48295725638835996,-0.11246607360047323,2023,L9,outer,area_verde,green
324.03100129523614,0.2248331918562485,0.035443643634049005,2023,L9,outer,area_verde,green
321.88074713999316,0.3552216834880653,-0.024378206357238856,2023,L9,outer,area_verde,green
315.0962054422699,0.39662434977321004,-0.04488509565919329,2023,L9,outer,area_verde,green
306.19787183860814,0.5157031937847881,-0.1331213773830398,2023,L9,outer,area_verde,green
307.3017645881359,0.42582369073026255,-0.06435092988237236,2023,L9,outer,area_verde,green
300.9150714239581,0.5288958931638754,-0.13645200337647173,2023,L9,outer,area_verde,green
294.2462165837266,0.5403399645510084,-0.14875973200792564,2023,L9,outer,area_verde,green
295.35290122801985,0.34188590225945664,-0.004826261798957704,2023,L9,outer,area_verde,green
289.8375197951842,0.4262798408178006,-0.05304335437606348,2023,L9,outer,area_verde,green
290.466491975157,0.485259430261895,-0.08933164891077001,2024,L9,outer,area_verde,green
296.1864435379552,0.5316501293131648,-0.1335002743156789,2024,L9,outer,area_verde,green
294.2017066421552,0.5882898178171126,-0.17158731032515992,2024,L9,outer,area_verde,green
301.8776738300186,0.5427623077923291,-0.12784089340602098,2024,L9,outer,area_verde,green
304.37650785207825,0.3643875127726406,-0.01244936114197423,2024,L9,outer,area_verde,green
314.13959814345765,0.5159994973437548,-0.11763915140906375,2024,L9,outer,area_verde,green
319.15992810110373,0.31887921100676275,0.009364137247632957,2024,L9,outer,area_verde,green
314.52927499665645,0.52924031748546,-0.1439957013483384,2024,L9,outer,area_verde,green
317.93646299573857,0.5286985240482641,-0.14906703461730422,2024,L9,outer,area_verde,green
327.48989948025496,0.2743644225936367,0.004493107868345281,2024,L9,outer,area_verde,green
314.4841003086171,0.387372755849592,-0.06273630089057958,2024,L9,outer,area_verde,green
308.1157289172316,0.3862547347275634,-0.11000295273526163,2024,L9,outer,area_verde,green
315.9659169470914,0.3856344512921561,-0.05158117568059135,2024,L9,outer,area_verde,green
317.0770558093254,0.5213859457841059,-0.1391556472068807,2024,L9,outer,area_verde,green
312.1193026315464,0.4149687822022509,-0.056315554989385466,2024,L9,outer,area_verde,green
299.58766588094744,0.5407498209235526,-0.13164700611608432,2024,L9,outer,area_verde,green
300.7929142361493,0.33247443858862613,-0.007644629407195781,2024,L9,outer,area_verde,green
296.79108128026684,0.46587732523431946,-0.09680351206396813,2024,L9,outer,area_verde,green
284.9911239077748,0.4215822863266219,-0.11317318277470835,2024,L9,outer,area_verde,green
294.59968745660154,0.33245492516698266,-0.011552661437032999,2025,L9,outer,area_verde,green
292.31167385037,0.3919399364395536,-0.052169975126742256,2025,L9,outer,area_verde,green
297.74206934337025,0.3621917681723937,-0.05313388762774567,2025,L9,outer,area_verde,green
299.12313888171,0.4288784203808803,-0.07751329819126673,2025,L9,outer,area_verde,green
309.9093957567022,0.3391495003097705,-0.01049371315888574,2025,L9,outer,area_verde,green
309.53298303410367,0.499080820118179,-0.13509575416849007,2025,L9,outer,area_verde,green
317.3092910218865,0.31494410734203004,-0.003371338982961655,2025,L9,outer,area_verde,green
312.8619210865903,0.5128080109795083,-0.1470153677527006,2025,L9,outer,area_verde,green
321.84018030950415,0.372049007410072,-0.04298602679731279,2025,L9,outer,area_verde,green
320.3709471616332,0.5119063646717167,-0.15083389058585803,2025,L9,outer,area_verde,green
319.73795778766737,0.43164168317216484,-0.07243572997607292,2025,L9,outer,area_verde,green
325.12813086166636,0.2943247263833423,0.015107377385197567,2025,L9,outer,area_verde,green
320.52357581700767,0.42976999586950465,-0.08166494749386982,2025,L9,outer,area_verde,green
316.32604286549287,0.27960247653918663,-0.0243361144928622,2025,L9,outer,area_verde,green
318.52317967593694,0.43969244094867976,-0.0828639202780721,2025,L9,outer,area_verde,green
319.3282921157209,0.2932407195493772,-0.003625486834203151,2025,L9,outer,area_verde,green
311.7523763737085,0.437321265580433,-0.07303281154054679,2025,L9,outer,area_verde,green
306.4944423773972,0.340711922745531,-0.020099141290615397,2025,L9,outer,area_verde,green
290.1312403665953,0.5843196017954221,-0.1593119508635478,2025,L9,outer,area_verde,green
296.15008416876407,0.41704188610263354,-0.04338238300401032,2025,L9,outer,area_verde,green
299.84855400660535,0.4370766894818987,-0.05663665803030323,2026,L9,outer,area_verde,green
300.63290132531836,0.5006263321543546,-0.10158637213353096,2026,L9,outer,area_verde,green
